"id";"name";"parentid";"mdsval";"lastapperance"
"1";"CZECHY";"0";"9:";"2012-11-05 15:00:10"
"2";"CZECHY WSCHODNIE";"1";"9_6075";"2012-11-05 15:00:01"
"3";"PORTUGALIA";"0";"31:";"2012-11-05 15:00:11"
"4";"ALGARVE";"3";"31_1321";"2012-11-05 15:00:10"
"5";"SZUMAWY";"1";"9_3000";"2012-11-05 15:00:10"
"6";"CZECHY PÓŁNOCNE";"1";"9_6080";"2012-11-05 15:00:01"
"7";"CHORWACJA";"0";"5:";"2012-11-05 15:00:11"
"8";"DALMACJA";"7";"5_44";"2012-11-05 15:00:01"
"9";"PRAGA";"1";"9_2197";"2012-11-05 15:00:10"
"10";"SŁOWACJA";"0";"61:";"2012-11-05 15:00:11"
"11";"SŁOWACJA PŁN.";"10";"61_6161";"2012-11-05 15:00:01"
"12";"COSTA VERDE";"3";"31_3874";"2012-11-05 15:00:10"
"13";"HOLANDIA";"0";"284:";"2012-11-05 15:00:11"
"14";"POŁUDNIOWA HOLANDIA";"13";"284_37850";"2012-11-05 15:00:10"
"15";"DALMACJA PÓŁNOCNA";"7";"5_1748";"2012-11-05 15:00:10"
"16";"STANY ZJEDNOCZONE";"0";"3629:";"2012-11-05 15:00:11"
"17";"NEVADA";"16";"3629_7139";"2012-11-05 15:00:11"
"18";"MALTA";"0";"26:";"2012-11-05 15:00:10"
"19";"WYSPA MALTA";"18";"26_4100";"2012-11-05 15:00:10"
"20";"NISKIE TATRY";"10";"61_1084";"2012-11-05 15:00:10"
"21";"MORAWY PŁN. I ŚLĄSK";"1";"9_6152";"2012-11-05 15:00:01"
"22";"FRANCJA";"0";"13:";"2012-11-05 15:00:11"
"23";"KORSYKA";"22";"13_5743";"2012-11-05 15:00:10"
"24";"BUŁGARIA";"0";"3:";"2012-11-05 15:00:11"
"25";"SŁONECZNY BRZEG";"24";"3_200";"2012-11-05 15:00:08"
"26";"CZARNOGORA";"0";"8:";"2012-11-05 15:00:01"
"27";"RIWIERA CZARNOGORSKA";"26";"8_1499";"2012-11-05 15:00:01"
"28";"HISZPANIA";"0";"15:";"2012-11-05 15:00:11"
"29";"MAJORKA";"28";"15_105";"2012-11-05 15:00:10"
"30";"MADERA";"3";"31_1776";"2012-11-05 15:00:10"
"31";"WYSPA PAG";"7";"5_1213";"2012-11-05 15:00:10"
"32";"LA PALMA";"28";"15_2625";"2012-11-05 15:00:10"
"33";"TURCJA";"0";"39:";"2012-11-05 15:00:11"
"34";"SIDE";"33";"39_156";"2012-11-05 15:00:11"
"35";"TAJLANDIA";"0";"49:";"2012-11-05 15:00:11"
"36";"PATTAYA";"35";"49_5836";"2012-11-05 15:00:08"
"37";"KALIFORNIA";"16";"3629_2733";"2012-11-05 15:00:11"
"38";"FLORYDA";"16";"3629_2731";"2012-11-05 15:00:10"
"39";"CZESKIE KARKONOSZE";"1";"9_3600";"2012-11-05 15:00:10"
"40";"UTAH";"16";"3629_7277";"2012-11-05 15:00:11"
"41";"NIEMCY";"0";"58:";"2012-11-05 15:00:10"
"42";"MEKLEMBURGIA";"41";"58_4014";"2012-11-05 15:00:10"
"43";"NADRENIA";"41";"58_5798";"2012-11-05 15:00:10"
"44";"WYB. ADRIATYKU";"26";"8_6158";"2012-11-05 15:00:01"
"45";"KVARNER";"7";"5_92";"2012-11-05 15:00:10"
"46";"CZECHY RODKOWE";"1";"9_1717";"2012-11-05 15:00:10"
"47";"TENERYFA";"28";"15_176";"2012-11-05 15:00:10"
"48";"KHAO LAK";"35";"49_38791";"2012-11-05 15:00:11"
"49";"IBIZA";"28";"15_2624";"2012-11-05 15:00:10"
"50";"CZECHY ZACHODNIE";"1";"9_6079";"2012-11-05 15:00:01"
"51";"MORAWY PŁD.";"1";"9_6154";"2012-11-05 15:00:01"
"52";"PÓŁNOCNA KAROLINA";"16";"3629_38390";"2012-11-05 15:00:08"
"53";"DOLNA SAKSONIA";"41";"58_3293";"2012-11-05 15:00:10"
"54";"BERLIN";"41";"58_1402";"2012-11-05 15:00:10"
"55";"ISTRIA";"7";"5_65";"2012-11-05 15:00:10"
"56";"KANADA";"0";"414:";"2012-11-05 15:00:11"
"57";"KOLUMBIA BRYTYJSKA";"56";"414_38413";"2012-11-05 15:00:11"
"58";"AUSTRIA";"0";"1:";"2012-11-05 15:00:11"
"59";"TYROL";"58";"1_1208";"2012-11-05 15:00:10"
"60";"ALANYA";"33";"39_3";"2012-11-05 15:00:11"
"61";"ARIZONA";"16";"3629_7276";"2012-11-05 15:00:11"
"62";"WASZYNGTON";"16";"3629_38433";"2012-11-05 15:00:08"
"63";"LANZAROTE";"28";"15_93";"2012-11-05 15:00:10"
"64";"WĘGRY";"0";"41:";"2012-11-05 15:00:10"
"65";"BUDAPESZT";"64";"41_1463";"2012-11-05 15:00:10"
"66";"KOLORADO";"16";"3629_38301";"2012-11-05 15:00:08"
"67";"ONTARIO";"56";"414_8621";"2012-11-05 15:00:11"
"68";"SAKSONIA";"41";"58_3412";"2012-11-05 15:00:10"
"69";"BAWARIA";"41";"58_3343";"2012-11-05 15:00:10"
"70";"ESTONIA";"0";"65:";"2012-11-05 15:00:10"
"71";"TALLIN";"70";"65_5690";"2012-11-05 15:00:08"
"72";"NOWA ZELANDIA";"0";"417:";"2012-11-05 15:00:11"
"73";"WYSPA PÓŁNOCNA";"72";"417_38420";"2012-11-05 15:00:11"
"74";"ILLINOIS";"16";"3629_38706";"2012-11-05 15:00:11"
"75";"FUERTEVENTURA";"28";"15_50";"2012-11-05 15:00:10"
"76";"CYPR";"0";"6:";"2012-11-05 15:00:10"
"77";"GÓRY TROODOS";"76";"6_38495";"2012-11-05 15:00:08"
"78";"MORAWY";"1";"9_2972";"2012-11-05 15:00:10"
"79";"PAPHOS";"76";"6_127";"2012-11-05 15:00:10"
"80";"TUNEZJA";"0";"38:";"2012-11-05 15:00:10"
"81";"DJERBA";"80";"38_45";"2012-11-05 15:00:08"
"82";"AZORY";"3";"31_3291";"2012-11-05 15:00:10"
"83";"SZLEZWIK";"41";"58_6541";"2012-11-05 15:00:10"
"84";"CZECHY POŁUDNIOWE";"1";"9_2741";"2012-11-05 15:00:10"
"85";"WYBRZEŻE LIZBOŃSKIE";"3";"31_2653";"2012-11-05 15:00:10"
"86";"COSTA DE ALMERIA";"28";"15_4281";"2012-11-05 15:00:10"
"87";"KARYNTIA";"58";"1_950";"2012-11-05 15:00:10"
"88";"EGIPT";"0";"11:";"2012-11-05 15:00:11"
"89";"HURGHADA";"88";"11_64";"2012-11-05 15:00:10"
"90";"GRECJA";"0";"14:";"2012-11-05 15:00:11"
"91";"KRETA";"90";"14_89";"2012-11-05 15:00:10"
"92";"COSTA DE LA LUZ";"28";"15_1139";"2012-11-05 15:00:10"
"93";"WŁOCHY";"0";"44:";"2012-11-05 15:00:11"
"94";"KRONPLATZ";"93";"44_4586";"2012-11-05 15:00:10"
"95";"ANTALYA";"33";"39_14";"2012-11-05 15:00:08"
"96";"HAMMAMET";"80";"38_57";"2012-11-05 15:00:08"
"97";"NOWY JORK";"16";"3629_2546";"2012-11-05 15:00:10"
"98";"WIETNAM";"0";"3030:";"2012-11-05 15:00:10"
"99";"WY?YNA TAY NGUYEN";"98";"3030_40583";"2012-11-05 15:00:08"
"100";"POLSKA";"0";"59:";"2012-11-05 15:00:11"
"101";"MAZOWSZE";"100";"59_5741";"2012-11-05 15:00:10"
"102";"DANIA";"0";"56:";"2012-11-05 15:00:10"
"103";"ŚRODKOWA JUTLANDIA";"102";"56_3653";"2012-11-05 15:00:10"
"104";"CHINY";"0";"197:";"2012-11-05 15:00:10"
"105";"SZANGHAJ";"104";"197_3431";"2012-11-05 15:00:08"
"106";"ŁOTWA";"0";"6121:";"2012-11-05 15:00:09"
"107";"KURLANDIA";"106";"6121_38449";"2012-11-05 15:00:08"
"108";"BANGKOK";"35";"49_21";"2012-11-05 15:00:08"
"109";"AUSTRALIA";"0";"411:";"2012-11-05 15:00:11"
"110";"QUEENSLAND";"109";"411_3638";"2012-11-05 15:00:11"
"111";"SUDETY";"100";"59_3781";"2012-11-05 15:00:10"
"112";"LARNAKA";"76";"6_94";"2012-11-05 15:00:08"
"113";"NEW JERSEY";"16";"3629_38672";"2012-11-05 15:00:11"
"114";"ALPY BAWARSKIE";"41";"58_3720";"2012-11-05 15:00:10"
"115";"PORT EL KANTAOUI";"80";"38_168";"2012-11-05 15:00:08"
"116";"BADEN";"41";"58_3577";"2012-11-05 15:00:10"
"117";"WYSPA GOZO";"18";"26_4103";"2012-11-05 15:00:09"
"118";"ANDALUZJA";"28";"15_13";"2012-11-05 15:00:10"
"119";"KALABRIA";"93";"44_1279";"2012-11-05 15:00:10"
"120";"LUIZJANA";"16";"3629_10279";"2012-11-05 15:00:11"
"121";"COSTA DEL SOL";"28";"15_40";"2012-11-05 15:00:10"
"122";"COSTA BRAVA";"28";"15_39";"2012-11-05 15:00:10"
"123";"GRAN CANARIA";"28";"15_55";"2012-11-05 15:00:10"
"124";"LIZBONA";"3";"31_1491";"2012-11-05 15:00:10"
"125";"INDONEZJA";"0";"413:";"2012-11-05 15:00:09"
"126";"LOMBOK";"125";"413_6837";"2012-11-05 15:00:08"
"127";"MAROKO";"0";"27:";"2012-11-05 15:00:11"
"128";"MARRAKESZ";"127";"27_4232";"2012-11-05 15:00:08"
"129";"COSTA DORADO";"28";"15_2064";"2012-11-05 15:00:10"
"130";"RZYM";"93";"44_1450";"2012-11-05 15:00:10"
"131";"TOSKANIA";"93";"44_1259";"2012-11-05 15:00:10"
"132";"MONTANHAS";"3";"31_37864";"2012-11-05 15:00:10"
"133";"KAMPANIA";"93";"44_1740";"2012-11-05 15:00:10"
"134";"ALENTEJO";"3";"31_6050";"2012-11-05 15:00:10"
"135";"POŁUDNIOWA KAROLINA";"16";"3629_38391";"2012-11-05 15:00:08"
"136";"ZATOKA BISKAJSKA";"22";"13_3604";"2012-11-05 15:00:10"
"137";"GEORGIA";"16";"3629_38424";"2012-11-05 15:00:11"
"138";"ATENY";"90";"14_1448";"2012-11-05 15:00:10"
"139";"NOWA SZKOCJA";"56";"414_38427";"2012-10-28 06:00:01"
"140";"RUMUNIA";"0";"32:";"2012-11-05 15:00:11"
"141";"KARPATY RUMUŃSKIE";"140";"32_7651";"2012-11-05 15:00:08"
"142";"COSTA BLANCA";"28";"15_2063";"2012-11-05 15:00:10"
"143";"PENSYLWANIA";"16";"3629_38388";"2012-11-05 15:00:11"
"144";"RODOS";"90";"14_150";"2012-11-05 15:00:10"
"145";"SEMIGALIA";"106";"6121_38448";"2012-11-05 15:00:08"
"146";"KUSADASI";"33";"39_1458";"2012-11-05 15:00:11"
"147";"ALBERTA";"56";"414_38473";"2012-11-05 15:00:11"
"148";"SRI LANKA";"0";"36:";"2012-11-05 15:00:09"
"149";"ZACHODNIA PROWINCJA";"148";"36_4104";"2012-11-05 15:00:08"
"150";"AGADIR";"127";"27_2";"2012-11-05 15:00:09"
"151";"COSTA DE PRATA";"3";"31_38394";"2012-11-05 15:00:10"
"152";"KOS";"90";"14_84";"2012-11-05 15:00:09"
"153";"IRLANDIA";"0";"291:";"2012-11-05 15:00:10"
"154";"DUBLIN";"153";"291_1496";"2012-11-05 15:00:09"
"155";"BELEK";"33";"39_23";"2012-11-05 15:00:11"
"156";"VICTORIA";"109";"411_3641";"2012-11-05 15:00:11"
"157";"REPUBLIKA ZIELONEGO PRZYLĄDKA";"0";"801:";"2012-11-05 15:00:10"
"158";"SAL";"157";"801_3555";"2012-11-05 15:00:09"
"159";"PEKIN";"104";"197_2819";"2012-11-05 15:00:09"
"160";"SARDYNIA";"93";"44_1273";"2012-11-05 15:00:10"
"161";"MAHDIA";"80";"38_104";"2012-11-05 15:00:09"
"162";"LAZUROWE WYBRZEŻE";"22";"13_2066";"2012-11-05 15:00:10"
"163";"MASSACHUSETTS";"16";"3629_2735";"2012-11-05 15:00:10"
"164";"POMORZE ZACHODNIE";"100";"59_3808";"2012-11-05 15:00:10"
"165";"KAIR";"88";"11_4538";"2012-11-05 15:00:09"
"166";"REPUBLIKA POŁUDNIOWEJ AFRYKI";"0";"2598:";"2012-11-05 15:00:11"
"167";"PRZYL?DEK ZACHODNI";"166";"2598_38353";"2012-11-05 15:00:11"
"168";"NICEA";"22";"13_3380";"2012-11-05 15:00:10"
"169";"RYGA";"106";"6121_38446";"2012-11-05 15:00:09"
"170";"NOWA POŁUDNIOWA WALIA";"109";"411_3637";"2012-11-05 15:00:11"
"171";"WIEDEŃ I OKOLICE";"58";"1_187";"2012-11-05 15:00:10"
"172";"ATTYKA";"90";"14_3344";"2012-11-05 15:00:09"
"173";"TRENTINO";"93";"44_1227";"2012-11-05 15:00:10"
"174";"WYSPA CRES";"7";"5_2377";"2012-11-05 15:00:10"
"175";"MALEZJA";"0";"2599:";"2012-11-05 15:00:10"
"176";"KUALA LUMPUR";"175";"2599_91";"2012-11-05 15:00:09"
"177";"PRZYL?DEK PÓ?NOCNY";"166";"2598_38351";"2012-11-05 15:00:09"
"178";"SYCYLIA";"93";"44_175";"2012-11-05 15:00:10"
"179";"CZARNOGÓRA: REJSY WYCIECZKOWE";"26";"8_39767";"2012-11-05 15:00:01"
"180";"MICHIGAN";"16";"3629_38442";"2012-11-05 15:00:11"
"181";"MARCHE";"93";"44_1356";"2012-11-05 15:00:10"
"182";"MEKSYK";"0";"29:";"2012-11-05 15:00:11"
"183";"CANCUN";"182";"29_31";"2012-11-05 15:00:10"
"184";"BALI";"125";"413_20";"2012-11-05 15:00:09"
"185";"PARYŻ";"22";"13_1799";"2012-11-05 15:00:10"
"186";"HESJA";"41";"58_38402";"2012-11-05 15:00:10"
"187";"AYIA NAPA";"76";"6_17";"2012-11-05 15:00:09"
"188";"ROSJA";"0";"67:";"2012-11-05 15:00:11"
"189";"SANKT PETERSBURG";"188";"67_3783";"2012-11-05 15:00:10"
"190";"HAWAJE";"16";"3629_2732";"2012-11-05 15:00:11"
"191";"ANGLIA";"0";"288:";"2012-11-05 15:00:11"
"192";"LONDYN";"191";"288_1478";"2012-11-05 15:00:10"
"193";"WIRGINIA";"16";"3629_38387";"2012-11-05 15:00:10"
"194";"WĘGRY ZACHODNIE";"64";"41_40737";"2012-11-05 15:00:10"
"195";"KOPENHAGA";"102";"56_3485";"2012-11-05 15:00:09"
"196";"LAS CZESKI";"1";"9_38753";"2012-11-05 15:00:10"
"197";"LIWLANDIA";"106";"6121_38447";"2012-11-05 15:00:09"
"198";"ŁATGALIA";"106";"6121_38450";"2012-11-05 15:00:09"
"199";"ZŁOTE PIASKI";"24";"3_191";"2012-11-05 15:00:07"
"200";"JEZIORO GARDA";"93";"44_1274";"2012-11-05 15:00:10"
"201";"MAINE";"16";"3629_38666";"2012-11-05 15:00:10"
"202";"BELGIA";"0";"285:";"2012-11-05 15:00:11"
"203";"LIMBURGIA";"202";"285_6533";"2012-11-05 15:00:10"
"204";"POŁUDNIOWA PROWINCJA";"148";"36_4105";"2012-11-05 15:00:08"
"205";"SAAREMAA";"70";"65_9764";"2012-11-05 15:00:09"
"206";"UKRAINA";"0";"40:";"2012-11-05 15:00:10"
"207";"KRYM";"206";"40_2978";"2012-11-05 15:00:09"
"208";"POŁUDNIOWA DAKOTA";"16";"3629_38392";"2012-10-28 06:00:01"
"209";"NEAPOL";"93";"44_1507";"2012-11-05 15:00:10"
"210";"LOMBARDIA";"93";"44_1219";"2012-11-05 15:00:10"
"211";"PELOPONEZ";"90";"14_1493";"2012-11-05 15:00:11"
"212";"ISLANDIA";"0";"286:";"2012-11-05 15:00:10"
"213";"REYKJAVIK";"212";"286_3777";"2012-11-05 15:00:09"
"214";"PRZYL?DEK WSCHODNI";"166";"2598_38352";"2012-11-05 15:00:10"
"215";"MONTANA";"16";"3629_38443";"2012-11-05 15:00:10"
"216";"APULIA";"93";"44_2059";"2012-11-05 15:00:10"
"217";"JORDANIA";"0";"55:";"2012-11-05 15:00:11"
"218";"DOLINA PETRY";"217";"55_38749";"2012-11-05 15:00:09"
"219";"LIMASSOL";"76";"6_100";"2012-11-05 15:00:09"
"220";"THASSOS";"90";"14_177";"2012-11-05 15:00:01"
"221";"SANTORINI";"90";"14_2980";"2012-11-05 15:00:11"
"222";"WYOMING";"16";"3629_38463";"2012-11-05 15:00:11"
"223";"WYBRZEŻE MORZA CZARNEGO";"140";"32_2068";"2012-11-05 15:00:08"
"224";"WSCHODNIA PROWINCJA";"148";"36_6530";"2012-11-05 15:00:09"
"225";"GÓRY IZERSKIE";"1";"9_4164";"2012-11-05 15:00:10"
"226";"ALPY FRANCUSKIE";"22";"13_1447";"2012-11-05 15:00:10"
"227";"JEZIORO COMER";"93";"44_3809";"2012-11-05 15:00:10"
"228";"REUNION";"0";"2501:";"2012-11-05 15:00:09"
"229";"REUNION";"228";"2501_2506";"2012-11-05 15:00:09"
"230";"DODEKANEZ";"90";"14_38368";"2012-10-28 06:00:01"
"231";"SHARM EL SHEIKH";"88";"11_154";"2012-11-05 15:00:10"
"232";"EMILIA-ROMANIA";"93";"44_37898";"2012-11-05 15:00:11"
"233";"WYSOKIE TATRY";"10";"61_1104";"2012-11-05 15:00:10"
"234";"DALMACJA POŁUDNIOWA";"7";"5_1749";"2012-11-05 15:00:10"
"235";"KEMER";"33";"39_73";"2012-11-05 15:00:09"
"236";"PLAYA DEL CARMEN";"182";"29_727";"2012-11-05 15:00:10"
"237";"TENNESSEE";"16";"3629_38423";"2012-11-05 15:00:11"
"238";"BARCELONA";"28";"15_1474";"2012-11-05 15:00:10"
"239";"LAZIO";"93";"44_1858";"2012-11-05 15:00:10"
"240";"MAURITIUS";"0";"28:";"2012-11-05 15:00:11"
"241";"WYBRZEŻE PÓŁNOCNE";"240";"28_1304";"2012-11-05 15:00:11"
"242";"KENIA";"0";"19:";"2012-11-05 15:00:11"
"243";"WYBRZE?E MOMBASY";"242";"19_39203";"2012-11-05 15:00:11"
"244";"VIRUMAA";"70";"65_38913";"2012-11-05 15:00:09"
"245";"COSTA AZAHAR";"28";"15_2436";"2012-11-05 15:00:10"
"246";"BRANDENBURGIA";"41";"58_3390";"2012-11-05 15:00:10"
"247";"QUEBECK";"56";"414_9568";"2012-11-05 15:00:11"
"248";"NAMIBIA";"0";"2602:";"2012-11-05 15:00:11"
"249";"ERONGO";"248";"2602_38544";"2012-11-05 15:00:09"
"250";"LITWA";"0";"22:";"2012-11-05 15:00:10"
"251";"WILNO";"250";"22_957";"2012-11-05 15:00:09"
"252";"KOSTARYKA";"0";"416:";"2012-11-05 15:00:11"
"253";"SAN JOSE";"252";"416_2834";"2012-11-05 15:00:09"
"254";"BRETANIA";"22";"13_3769";"2012-11-05 15:00:10"
"255";"";"0";"264:";"2012-11-05 15:00:10"
"256";"";"255";"264_1411";"2012-11-05 15:00:10"
"257";"BIAŁORUŚ";"0";"5767:";"2012-11-05 15:00:10"
"258";"MOHYLEWSKI";"257";"5767_39108";"2012-11-05 15:00:09"
"259";"MARMARIS";"33";"39_196";"2012-11-05 15:00:11"
"260";"UMBRIA";"93";"44_1494";"2012-11-05 15:00:10"
"261";"LITWA ZACHODNIA";"250";"22_38437";"2012-11-05 15:00:09"
"262";"ALASKA";"16";"3629_2553";"2012-11-05 15:00:10"
"263";"BALATON";"64";"41_1109";"2012-11-05 15:00:10"
"264";"KUBA";"0";"21:";"2012-11-05 15:00:11"
"265";"HAWANA";"264";"21_2065";"2012-11-05 15:00:11"
"266";"HOLGUIN";"264";"21_3941";"2012-11-05 15:00:11"
"267";"TRANSWAL";"166";"2598_38349";"2012-11-05 15:00:10"
"268";"TATRY";"100";"59_2695";"2012-11-05 15:00:10"
"269";"NOWY MEKSYK";"16";"3629_38393";"2012-11-05 15:00:10"
"270";"RIWIERA ADRIATYCKA";"93";"44_1223";"2012-11-05 15:00:10"
"271";"VENETO";"93";"44_1260";"2012-11-05 15:00:10"
"272";"MEDIOLAN";"93";"44_2879";"2012-11-05 15:00:10"
"273";"SANTO ANTAO";"157";"801_40847";"2012-11-05 15:00:09"
"274";"WYBRZE?E ?Ó?TE";"104";"197_39210";"2012-11-05 15:00:09"
"275";"JOHANNESBURG";"166";"2598_2729";"2012-11-05 15:00:11"
"276";"KARAIBY";"0";"3022:";"2012-11-05 15:00:11"
"277";"CURACAO";"276";"3022_3117";"2012-11-05 15:00:09"
"278";"ZAKYNTHOS";"90";"14_1066";"2012-11-05 15:00:11"
"279";"ISTAMBUŁ";"33";"39_3326";"2012-11-05 15:00:10"
"280";"AMMAN";"217";"55_1845";"2012-11-05 15:00:11"
"281";"MA AN";"217";"55_39447";"2012-11-05 15:00:10"
"282";"PÓŁWYSEP MALAJSKI";"175";"2599_4583";"2012-11-05 15:00:10"
"283";"TROPICAL ISLANDS";"41";"58_3648";"2012-11-05 15:00:10"
"284";"MAŁA FATRA";"10";"61_4028";"2012-11-05 15:00:11"
"285";"NORMANDIA";"22";"13_4483";"2012-11-05 15:00:10"
"286";"PÓŁNOCNA JUTLANDIA";"102";"56_6597";"2012-11-05 15:00:10"
"287";"KARLOVE VARY";"1";"9_3973";"2012-11-05 15:00:10"
"288";"GÓRNA AUSTRIA";"58";"1_2292";"2012-11-05 15:00:10"
"289";"LAANEMAA";"70";"65_38908";"2012-11-05 15:00:09"
"290";"FOGO";"157";"801_38456";"2012-11-05 15:00:09"
"291";"ZIEMIA SALZBURSKA";"58";"1_4026";"2012-11-05 15:00:10"
"292";"WENECJA";"93";"44_1597";"2012-11-05 15:00:10"
"293";"LITWA PÓŁNOCNA";"250";"22_38470";"2012-11-05 15:00:09"
"294";"BRZESKI";"257";"5767_39109";"2012-11-05 15:00:09"
"295";"BAZYLIKATA";"93";"44_38362";"2012-11-05 15:00:11"
"296";"WASZYNGTON D. C.";"16";"3629_38439";"2012-11-05 15:00:11"
"297";"POMORZE";"100";"59_615";"2012-11-05 15:00:10"
"298";"TEXAS";"16";"3629_7736";"2012-11-05 15:00:10"
"299";"OREGON";"16";"3629_38389";"2012-11-05 15:00:11"
"300";"BOA VISTA";"157";"801_38431";"2012-11-05 15:00:10"
"301";"BUKARESZT";"140";"32_37964";"2012-11-05 15:00:11"
"302";"WĘGRY PÓŁNOCNE";"64";"41_3389";"2012-11-05 15:00:09"
"303";"YUKON";"56";"414_8823";"2012-10-28 06:00:01"
"304";"MINORKA";"28";"15_3700";"2012-11-05 15:00:10"
"305";"MADRYT";"28";"15_1492";"2012-11-05 15:00:10"
"306";"NAMUR";"202";"285_6535";"2012-11-05 15:00:10"
"307";"WARMIA I MAZURY";"100";"59_3032";"2012-11-05 15:00:10"
"308";"EMIRATY ARABSKIE";"0";"372:";"2012-11-05 15:00:11"
"309";"DUBAJ";"308";"372_46";"2012-11-05 15:00:11"
"310";"ABRUZJA";"93";"44_1772";"2012-11-05 15:00:10"
"311";"TRYNIDAD I TOBAGO";"0";"37863:";"2012-11-05 15:00:09"
"312";"TOBAGO";"311";"37863_9497";"2012-11-05 15:00:09"
"313";"STYRIA";"58";"1_2320";"2012-11-05 15:00:10"
"314";"MAŁOPOLSKA";"100";"59_2626";"2012-11-05 15:00:10"
"315";"LITWA ŚRODKOWA";"250";"22_38438";"2012-11-05 15:00:09"
"316";"ZELANDIA";"102";"56_4452";"2012-11-05 15:00:10"
"317";"TERYTORIUM PÓŁNOCNE";"109";"411_3640";"2012-11-05 15:00:11"
"318";"UGANDI";"70";"65_38912";"2012-11-05 15:00:10"
"319";"ZIELONE WYBRZE?E";"28";"15_38701";"2012-11-05 15:00:10"
"320";"MARYLAND";"16";"3629_38669";"2012-11-05 15:00:10"
"321";"FLORENCJA";"93";"44_38793";"2012-11-05 15:00:10"
"322";"KIJÓW";"206";"40_4263";"2012-11-05 15:00:10"
"323";"SZWAJCARIA";"0";"62:";"2012-11-05 15:00:11"
"324";"WALLIS";"323";"62_1102";"2012-11-05 15:00:10"
"325";"WYSPA KORCULA";"7";"5_1235";"2012-11-05 15:00:10"
"326";"GRAUBUNDEN";"323";"62_1201";"2012-11-05 15:00:10"
"327";"WYCIECZKA OBJAZDOWA";"41";"58_3075";"2012-11-05 15:00:10"
"328";"DOLNA AUSTRIA";"58";"1_2318";"2012-11-05 15:00:10"
"329";"DOLINA LOARY";"22";"13_5945";"2012-11-05 15:00:10"
"330";"KARAS";"248";"2602_38496";"2012-11-05 15:00:10"
"331";"KHOMAS";"248";"2602_38545";"2012-11-05 15:00:10"
"332";"ANTYATLAS";"127";"27_39759";"2012-11-05 15:00:10"
"333";"GARGANO";"93";"44_2448";"2012-11-05 15:00:10"
"334";"BONAIRE";"276";"3022_3116";"2012-11-05 15:00:10"
"335";"DANIA POŁUDNIOWA";"102";"56_4450";"2012-11-05 15:00:10"
"336";"LIEGE";"202";"285_6534";"2012-11-05 15:00:10"
"337";"JESENIKI";"1";"9_3989";"2012-11-05 15:00:10"
"338";"KASTYLIA - LA MANCHA";"28";"15_37955";"2012-11-05 15:00:10"
"339";"GUANACASTE";"252";"416_2954";"2012-11-05 15:00:10"
"340";"ALZACJA";"22";"13_5948";"2012-11-05 15:00:10"
"341";"HONGKONG";"104";"197_63";"2012-11-05 15:00:10"
"342";"NEW HAMPSHIRE";"16";"3629_38664";"2012-11-05 15:00:11"
"343";"BRUKSELA";"202";"285_1454";"2012-11-05 15:00:10"
"344";"KAPSZTAD";"166";"2598_2788";"2012-11-05 15:00:10"
"345";"BORNHOLM";"102";"56_4249";"2012-11-05 15:00:10"
"346";"WYSPA RAB";"7";"5_1247";"2012-11-05 15:00:10"
"347";"DOLINA GARONNY";"22";"13_37871";"2012-11-05 15:00:10"
"348";"BRAZYLIA";"0";"47:";"2012-11-05 15:00:11"
"349";"BAHIA";"348";"47_3404";"2012-11-05 15:00:10"
"350";"WYSPA KRK";"7";"5_1212";"2012-11-05 15:00:10"
"351";"KUJAWY";"100";"59_2618";"2012-11-05 15:00:10"
"352";"DOMINIKANA";"0";"10:";"2012-11-05 15:00:11"
"353";"ALTAGRACIA";"352";"10_145";"2012-11-05 15:00:10"
"354";"GRENADA";"276";"3022_38454";"2012-11-05 15:00:10"
"355";"NORWEGIA";"0";"2391:";"2012-11-05 15:00:10"
"356";"NORWEGIA ŚRODKOWA";"355";"2391_38744";"2012-11-05 15:00:10"
"357";"HEREDIA";"252";"416_38459";"2012-11-05 15:00:10"
"358";"KASTYLIA - LEON";"28";"15_37956";"2012-11-05 15:00:11"
"359";"WŁADYSŁAWOWO";"100";"59_39724";"2012-11-05 15:00:01"
"360";"WYSOCZYZNA";"1";"9_6549";"2012-11-05 15:00:10"
"361";"LITWA POŁUDNIOWA";"250";"22_10926";"2012-11-05 15:00:10"
"362";"SUAZI";"0";"38464:";"2012-11-05 15:00:10"
"363";"MANZINI";"362";"38464_38465";"2012-11-05 15:00:10"
"364";"NATAL";"166";"2598_3762";"2012-11-05 15:00:10"
"365";"WĘGRY RODKOWE";"64";"41_1720";"2012-11-05 15:00:10"
"366";"SESZELE";"0";"2925:";"2012-11-05 15:00:11"
"367";"WYSPA MAHE";"366";"2925_4130";"2012-11-05 15:00:11"
"368";"WYSPA BRAC";"7";"5_1538";"2012-11-05 15:00:10"
"369";"LWOW";"206";"40_103";"2012-11-05 15:00:01"
"370";"MUNSTER";"153";"291_10310";"2012-11-05 15:00:10"
"371";"PUNTARENAS";"252";"416_4136";"2012-11-05 15:00:10"
"372";"WARSZAWA";"100";"59_2531";"2012-11-05 15:00:10"
"373";"AMSTERDAM";"13";"284_1451";"2012-11-05 15:00:11"
"374";"AUSTRALIA ZACHODNIA";"109";"411_3635";"2012-11-05 15:00:11"
"375";"JAMAJKA";"0";"18:";"2012-11-05 15:00:11"
"376";"MONTEGO BAY";"375";"18_119";"2012-11-05 15:00:11"
"377";"FINLANDIA";"0";"2187:";"2012-11-05 15:00:11"
"378";"HELSINKI";"377";"2187_2186";"2012-11-05 15:00:11"
"379";"WYBRZEŻE LIGURYJSKIE";"93";"44_2358";"2012-11-05 15:00:10"
"380";"BARBADOS";"276";"3022_3114";"2012-11-05 15:00:11"
"381";"MOHU";"70";"65_38914";"2012-11-05 15:00:10"
"382";"WITEBSKI";"257";"5767_39105";"2012-11-05 15:00:10"
"383";"MOSKWA";"188";"67_4110";"2012-11-05 15:00:10"
"384";"WYSPA PRASLIN";"366";"2925_4133";"2012-11-05 15:00:11"
"385";"WYBRZE?E MORZA PO?UDNIOWOCHI?SKIEGO";"98";"3030_40585";"2012-11-05 15:00:10"
"386";"RUDAWY";"1";"9_2998";"2012-11-05 15:00:10"
"387";"WYSPA POŁUDNIOWA";"72";"417_38430";"2012-11-05 15:00:11"
"388";"PRESZÓW";"10";"61_37852";"2012-11-05 15:00:10"
"389";"CASABLANCA";"127";"27_6651";"2012-11-05 15:00:10"
"390";"HOLANDIA PÓŁNOCNA";"13";"284_37849";"2012-11-05 15:00:10"
"391";"OMAN";"0";"4534:";"2012-11-05 15:00:11"
"392";"GÓRY HAJAR";"391";"4534_40553";"2012-11-05 15:00:10"
"393";"LOTARYNGIA";"22";"13_37896";"2012-11-05 15:00:10"
"394";"SAO VICENTE";"157";"801_6719";"2012-11-05 15:00:10"
"395";"JURA BERNEŃSKA";"323";"62_6543";"2012-11-05 15:00:10"
"396";"WYSPA HVAR";"7";"5_1210";"2012-11-05 15:00:10"
"397";"JEZIORO GENEWSKIE";"323";"62_5858";"2012-11-05 15:00:10"
"398";"GRODZIE?SKI";"257";"5767_39106";"2012-11-05 15:00:10"
"399";"LIMON";"252";"416_38458";"2012-11-05 15:00:10"
"400";"FLANDRIA";"202";"285_5855";"2012-11-05 15:00:10"
"401";"PÓŁNOCNA FRANCJA";"22";"13_37959";"2012-11-05 15:00:11"
"402";"DOLNY ŚLŠSK";"100";"59_3652";"2012-11-05 15:00:10"
"403";"ABU DHABI";"308";"372_1";"2012-11-05 15:00:11"
"404";"AUSTRALIA POŁUDNIOWA";"109";"411_3634";"2012-11-05 15:00:11"
"405";"LESBOS";"90";"14_1459";"2012-10-28 03:00:02"
"406";"SZWECJA";"0";"2991:";"2012-11-05 15:00:10"
"407";"PÓŁNOCNA SZWECJA";"406";"2991_38384";"2012-11-05 15:00:10"
"408";"DOLINA AOSTY";"93";"44_2697";"2012-11-05 15:00:10"
"409";"JEZIORO ISEO";"93";"44_3810";"2012-11-05 15:00:10"
"410";"ZATOKA FIŃSKA";"377";"2187_10920";"2012-11-05 15:00:10"
"411";"LONG BAY";"375";"18_38418";"2012-11-05 15:00:10"
"412";"PROWANSJA";"22";"13_5971";"2012-11-05 15:00:11"
"413";"BESKIDY";"100";"59_2442";"2012-11-05 15:00:10"
"414";"AT TAFILAH";"217";"55_38846";"2012-11-05 15:00:10"
"415";"LUKSEMBURG";"0";"5831:";"2012-11-05 15:00:10"
"416";"DIEKRICH";"415";"5831_37847";"2012-11-05 15:00:10"
"417";"POLSKA";"100";"59_1090";"2012-11-05 15:00:01"
"418";"WYSPA ELBA";"93";"44_3750";"2012-11-05 15:00:09"
"419";"OSHANA";"248";"2602_38543";"2012-11-05 15:00:10"
"420";"WYBRZE?E HAWANY";"264";"21_39746";"2012-11-05 15:00:10"
"421";"POŁUDNIOWA SZWECJA";"406";"2991_38385";"2012-11-05 15:00:10"
"422";"ANGUILLA";"276";"3022_38358";"2012-11-05 15:00:11"
"423";"ŚWIĘTOKRZYSKIE";"100";"59_5740";"2012-11-05 15:00:10"
"424";"GRECJA ŚRODKOWA";"90";"14_4388";"2012-11-05 15:00:10"
"425";"AL AIN";"308";"372_8464";"2012-11-05 15:00:10"
"426";"TASMANIA";"109";"411_3639";"2012-11-05 15:00:11"
"427";"SŁOWENIA";"0";"263:";"2012-11-05 15:00:11"
"428";"LJUBLJANA";"427";"263_6753";"2012-11-05 15:00:10"
"429";"NEGRIL";"375";"18_724";"2012-11-05 15:00:11"
"430";"HAINAN";"104";"197_3382";"2012-11-05 15:00:10"
"431";"ANDORA";"0";"448:";"2012-11-05 15:00:10"
"432";"GRANDVALIRA";"431";"448_10676";"2012-11-05 15:00:10"
"433";"PUERTO PLATA";"352";"10_144";"2012-11-05 15:00:10"
"434";"BRATYSŁAWA";"10";"61_1857";"2012-11-05 15:00:10"
"435";"ANTWERPIA";"202";"285_38354";"2012-11-05 15:00:10"
"436";"DALAMAN";"33";"39_1421";"2012-11-05 15:00:11"
"437";"NIKOZJA";"76";"6_38410";"2012-11-05 15:00:10"
"438";"TESSIN";"323";"62_4186";"2012-11-05 15:00:10"
"439";"ESTREMADURA";"28";"15_38396";"2012-11-05 15:00:10"
"440";"WAHIBA SANDS";"391";"4534_10292";"2012-11-05 15:00:10"
"441";"MASKAT";"391";"4534_4584";"2012-11-05 15:00:10"
"442";"PIEMONT";"93";"44_1220";"2012-11-05 15:00:10"
"443";"RAS AL KHAIMAH";"308";"372_2170";"2012-11-05 15:00:11"
"444";"WYSPA LA DIGUE";"366";"2925_4135";"2012-11-05 15:00:11"
"445";"SZTOKHOLM";"406";"2991_3486";"2012-11-05 15:00:10"
"446";"WYSPA UGLJAN";"7";"5_1682";"2012-11-05 15:00:10"
"447";"CZESKA SZWAJCARIA";"1";"9_3985";"2012-11-05 15:00:10"
"448";"ALAJUELA";"252";"416_38457";"2012-11-05 15:00:10"
"449";"CARTAGO";"252";"416_38295";"2012-11-05 15:00:10"
"450";"KORFU";"90";"14_83";"2012-11-05 15:00:11"
"451";"PŁN. - ZACH. PROWINCJA";"148";"36_4331";"2012-11-05 15:00:09"
"452";"ST. MAARTEN";"276";"3022_37869";"2012-11-05 15:00:10"
"453";"SUR";"391";"4534_10289";"2012-11-05 15:00:10"
"454";"WYBRZEŻE POŁUDNIOWE";"240";"28_205";"2012-11-05 15:00:11"
"455";"CHALKIDIKI";"90";"14_1324";"2012-11-05 15:00:09"
"456";"NORWEGIA WSCHODNIA";"355";"2391_6977";"2012-11-05 15:00:10"
"457";"MONASTIR";"80";"38_117";"2012-11-05 15:00:10"
"458";"CANBERRA";"109";"411_3160";"2012-11-05 15:00:10"
"459";"CIEGO DE AVILA";"264";"21_4117";"2012-11-05 15:00:11"
"460";"MASYW CENTRALNY";"22";"13_37846";"2012-11-05 15:00:10"
"461";"CHORWACJA GÓRSKA";"7";"5_39853";"2012-10-26 04:00:02"
"462";"GREVENMACHER";"415";"5831_37848";"2012-11-05 15:00:10"
"463";"WIELKA NIZINA W?GIERSKA";"64";"41_40738";"2012-11-05 15:00:10"
"464";"LEINSTER";"153";"291_10922";"2012-11-05 15:00:10"
"465";"SINGAPUR";"0";"34:";"2012-11-05 15:00:10"
"466";"SINGAPUR";"465";"34_3085";"2012-11-05 15:00:10"
"467";"PUERTO RICO";"0";"776:";"2012-11-05 15:00:10"
"468";"ŚRODKOWE PUERTO RICO";"467";"776_40809";"2012-11-05 15:00:10"
"469";"GRENLANDIA";"102";"56_38742";"2012-11-05 15:00:10"
"470";"ORANIA";"166";"2598_38350";"2012-11-05 15:00:10"
"471";"ANGLIA PŁD. - ZACH.";"191";"288_37873";"2012-11-05 15:00:10"
"472";"ZATOKA AKABA";"217";"55_4180";"2012-11-05 15:00:10"
"473";"WYBRZE?E MALINDI";"242";"19_39204";"2012-11-05 15:00:11"
"474";"POŁUDNIOWA ISLANDIA";"212";"286_38468";"2012-10-28 06:00:02"
"475";"BERNER OBERLAND";"323";"62_4183";"2012-11-05 15:00:10"
"476";"PO?UDNIOWE PIRENEJE";"28";"15_39450";"2012-11-05 15:00:10"
"477";"DHOFAR";"391";"4534_38325";"2012-11-05 15:00:10"
"478";"NORWEGIA ZACHODNIA";"355";"2391_38475";"2012-11-05 15:00:10"
"479";"AL KARAK";"217";"55_38847";"2012-11-05 15:00:10"
"480";"WALIA";"0";"38720:";"2012-11-05 15:00:10"
"481";"PEMBROKE";"480";"38720_38723";"2012-11-05 15:00:10"
"482";"GALICJA";"28";"15_2338";"2012-11-05 15:00:10"
"483";"VARADERO";"264";"21_182";"2012-11-05 15:00:11"
"484";"CAPRIVI";"248";"2602_9638";"2012-11-05 15:00:10"
"485";"OCHO RIOS";"375";"18_8893";"2012-11-05 15:00:11"
"486";"RIO DE JANEIRO";"348";"47_2969";"2012-11-05 15:00:10"
"487";"RIWIERA OLIMPIJSKA";"90";"14_149";"2012-11-05 15:00:10"
"488";"ISRAEL";"0";"54:";"2012-11-05 15:00:11"
"489";"TEL AVIV";"488";"54_2789";"2012-11-05 15:00:11"
"490";"CONNACHT";"153";"291_6620";"2012-11-05 15:00:10"
"491";"CENTRALNA SZWAJCARIA";"323";"62_4185";"2012-11-05 15:00:10"
"492";"MARTYNIKA";"276";"3022_7718";"2012-11-05 15:00:11"
"493";"HAINAUT";"202";"285_6532";"2012-11-05 15:00:10"
"494";"WSCHODNIA SZWAJCARIA";"323";"62_5875";"2012-11-05 15:00:10"
"495";"BORNEO";"175";"2599_3297";"2012-11-05 15:00:10"
"496";"ANGLIA PŁD. - WSCH.";"191";"288_5720";"2012-11-05 15:00:10"
"497";"OSLO";"355";"2391_3484";"2012-11-05 15:00:10"
"498";"MIŃSK";"257";"5767_5768";"2012-11-05 15:00:10"
"499";"WYSPA SOLTA";"7";"5_6359";"2012-11-05 15:00:10"
"500";"TANZANIA";"0";"2989:";"2012-11-05 15:00:11"
"501";"ZANZIBAR";"500";"2989_2910";"2012-11-05 15:00:11"
"502";"VALLNORD";"431";"448_4187";"2012-11-05 15:00:10"
"503";"FUJAIRAH";"308";"372_2160";"2012-11-05 15:00:10"
"504";"SABAUDIA";"22";"13_1368";"2012-10-30 04:00:01"
"505";"CONNECTICUT";"16";"3629_38668";"2012-10-28 06:00:02"
"506";"GWADELUPA";"276";"3022_4266";"2012-11-05 15:00:11"
"507";"BAHAMY";"0";"3018:";"2012-11-05 15:00:11"
"508";"NEW PROVIDENCE";"507";"3018_4260";"2012-11-05 15:00:11"
"509";"HOMELSKI";"257";"5767_39110";"2012-11-05 15:00:10"
"510";"POLINEZJA FRANCUSKA";"0";"2988:";"2012-11-05 15:00:11"
"511";"MOOREA-MAIAO";"510";"2988_4137";"2012-11-05 15:00:11"
"512";"RHODE ISLAND";"16";"3629_38667";"2012-11-05 15:00:11"
"513";"PÓŁNOCNE WYBRZEŻE EGEJSKIE";"33";"39_38302";"2012-10-26 06:00:02"
"514";"TAHITI";"510";"2988_3332";"2012-11-05 15:00:11"
"515";"CESME";"33";"39_3699";"2012-10-26 06:00:02"
"516";"KOSICE";"10";"61_37853";"2012-11-05 15:00:10"
"517";"ZURYCH";"323";"62_5696";"2012-11-05 15:00:11"
"518";"CHORWACJA ŚRODKOWA";"7";"5_1716";"2012-11-05 15:00:11"
"519";"SŁOWACJA PŁD.";"10";"61_6162";"2012-11-05 15:00:01"
"520";"KORNWALIA";"191";"288_37856";"2012-11-05 15:00:10"
"521";"WIELKA BAHAMA";"507";"3018_7818";"2012-11-05 15:00:11"
"522";"WSCHODNIE PORTO RICO";"467";"776_38376";"2012-11-05 15:00:10"
"523";"ST. LUCIA";"276";"3022_3121";"2012-11-05 15:00:11"
"524";"BERNO";"323";"62_38429";"2012-11-05 15:00:10"
"525";"PIRENEJE";"22";"13_1475";"2012-11-05 15:00:10"
"526";"ZUID-HOLLAND";"13";"284_6038";"2012-10-26 04:00:02"
"527";"ALPY SŁOWEŃSKIE";"427";"263_3492";"2012-11-05 15:00:11"
"528";"PAMPOROVO";"24";"3_39073";"2012-11-05 15:00:08"
"529";"SAN JUAN";"467";"776_4317";"2012-11-05 15:00:10"
"530";"JAWORNIKY";"10";"61_4289";"2012-11-05 15:00:10"
"531";"PÓŁNOCNA ISLANDIA";"212";"286_38467";"2012-10-28 06:00:02"
"532";"ARUBA";"276";"3022_2144";"2012-11-05 15:00:11"
"533";"TUNIS";"80";"38_179";"2012-11-05 15:00:10"
"534";"WYBRZEŻE AZOWSKIE";"188";"67_38452";"2012-11-05 15:00:10"
"535";"ZATOKA OMA?SKA";"391";"4534_40552";"2012-11-05 15:00:10"
"536";"NIZINA DAKKALA";"127";"27_39763";"2012-11-05 15:00:10"
"537";"KSI?STWO MONAKO";"0";"38797:";"2012-11-05 15:00:11"
"538";"MONAKO";"537";"38797_3868";"2012-11-05 15:00:11"
"539";"PD. WŁOCHY";"93";"44_6124";"2012-11-05 15:00:01"
"540";"TRYDENT-GÓRNA ADYGA";"93";"44_6121";"2012-11-05 15:00:01"
"541";"SANTIAGO";"157";"801_38445";"2012-11-05 15:00:10"
"542";"ZATOKA MASIRAH";"391";"4534_40554";"2012-11-05 15:00:10"
"543";"BIESZCZADY";"100";"59_3785";"2012-11-05 15:00:10"
"544";"ANGLIA ŚR. - ZACH.";"191";"288_38471";"2012-10-28 06:00:02"
"545";"KATAR";"0";"38441:";"2012-11-05 15:00:10"
"546";"DOHA";"545";"38441_7049";"2012-11-05 15:00:10"
"547";"WYSPY NORMANDZKIE";"191";"288_38453";"2012-11-05 15:00:09"
"548";"TRNAWA";"10";"61_3339";"2012-11-05 15:00:01"
"549";"SZKOCJA";"0";"290:";"2012-11-05 15:00:10"
"550";"EDYNBURG";"549";"290_1479";"2012-11-05 15:00:10"
"551";"LA GOMERA";"28";"15_2635";"2012-11-05 15:00:10"
"552";"PODKARPACIE";"100";"59_3758";"2012-11-05 15:00:01"
"553";"MORZE MARTWE";"488";"54_2313";"2012-11-05 15:00:10"
"554";"RIWIERA SŁOWEŃSKA";"427";"263_1859";"2012-11-05 15:00:11"
"555";"PIRIN";"24";"3_39074";"2012-11-05 15:00:07"
"556";"LAPONIA";"377";"2187_4210";"2012-11-05 15:00:10"
"557";"NAIROBI";"242";"19_2784";"2012-11-05 15:00:10"
"558";"SERRA DO ESPINHACO";"348";"47_39804";"2012-11-05 15:00:11"
"559";"BORA BORA";"510";"2988_3377";"2012-11-05 15:00:11"
"560";"SHARJAH";"308";"372_2528";"2012-11-05 15:00:10"
"561";"ADRIATYK";"93";"44_2435";"2012-11-05 15:00:01"
"562";"ANTIGUA";"276";"3022_3129";"2012-11-05 15:00:11"
"563";"ZACHODNIE PUERTO RICO";"467";"776_38460";"2012-11-05 15:00:10"
"564";"FINLANDIA ŚRODKOWA";"377";"2187_10921";"2012-11-05 15:00:10"
"565";"MISSOURI";"16";"3629_38461";"2012-11-05 15:00:11"
"566";"WYSPA PHU QUOC";"98";"3030_40575";"2012-11-05 15:00:10"
"567";"IRLANDIA PÓ?NOCNA";"0";"38721:";"2012-11-05 15:00:10"
"568";"DOWN";"567";"38721_38732";"2012-11-05 15:00:10"
"569";"ANTRIM";"567";"38721_38727";"2012-11-05 15:00:10"
"570";"CZECHY";"1";"9_43";"2012-11-05 15:00:01"
"571";"WIELKA FATRA";"10";"61_3334";"2012-11-05 15:00:10"
"572";"BURGUNDIA";"22";"13_5946";"2012-11-05 15:00:10"
"573";"BAZYLEA";"323";"62_39672";"2012-11-05 15:00:10"
"574";"FERMANAGH";"567";"38721_38730";"2012-11-05 15:00:10"
"575";"NORWEGIA";"355";"2391_2390";"2012-11-05 15:00:01"
"576";"BESKIDY SŁOWACKIE";"10";"61_4023";"2012-11-05 15:00:01"
"577";"LONG ISLAND";"507";"3018_38590";"2012-11-05 15:00:11"
"578";"GOTLANDIA";"406";"2991_38386";"2012-10-28 06:00:02"
"579";"ARAGONIA";"28";"15_37957";"2012-11-05 15:00:10"
"580";"PÓŁNOCNA SZKOCJA";"549";"290_38440";"2012-11-05 15:00:10"
"581";"VERMONT";"16";"3629_38665";"2012-11-05 15:00:11"
"582";"KALININGRAD";"188";"67_8089";"2012-11-05 15:00:10"
"583";"SAWONIA";"377";"2187_39441";"2012-11-05 15:00:10"
"584";"NOWA KALEDONIA";"0";"40041:";"2012-11-05 15:00:11"
"585";"NUMEA";"584";"40041_40625";"2012-11-05 15:00:11"
"586";"POHJANMAA";"377";"2187_38360";"2012-11-05 15:00:10"
"587";"MALEDIWY";"0";"24:";"2012-11-05 15:00:11"
"588";"MALE ATOL";"587";"24_5697";"2012-11-05 15:00:11"
"589";"SALONIKI";"90";"14_152";"2012-11-01 05:00:01"
"590";"TYROL WSCH.";"58";"1_6099";"2012-11-05 15:00:01"
"591";"BELFAST";"567";"38721_6891";"2012-11-05 15:00:10"
"592";"PIENINY";"100";"59_2855";"2012-11-05 15:00:10"
"593";\N;"22";"13_0";"2012-11-05 15:00:01"
"594";"NADDUNAJSKA DOLINA";"10";"61_4235";"2012-11-05 15:00:01"
"595";"LITWA WSCHODNIA";"250";"22_10919";"2012-11-05 15:00:10"
"596";"TUAMOTU";"510";"2988_4261";"2012-11-05 15:00:10"
"597";"HUAHINE";"510";"2988_4270";"2012-11-05 15:00:10"
"598";"PO?UDNIOWA SZKOCJA";"549";"290_8112";"2012-11-05 15:00:10"
"599";"LEFKADA";"90";"14_5985";"2012-11-05 15:00:11"
"600";"FILIPINY";"0";"2603:";"2012-11-05 15:00:10"
"601";"VISAYAS";"600";"2603_4132";"2012-11-05 15:00:10"
"602";"SANTO DOMINGO";"352";"10_1424";"2012-11-05 15:00:11"
"603";"KATALONIA";"28";"15_2057";"2012-11-05 15:00:10"
"604";"GWYNEDD";"480";"38720_38725";"2012-11-05 15:00:10"
"605";"YORKSHIRE";"191";"288_37860";"2012-11-05 15:00:10"
"606";"ANGLIA PN. - ZACH.";"191";"288_37875";"2012-11-05 15:00:11"
"607";"ANGLIA WSCHODNIA";"191";"288_37858";"2012-11-05 15:00:11"
"608";\N;"93";"44_38832";"2012-10-27 06:00:02"
"609";\N;"93";"44_37832";"2012-10-27 06:00:02"
"610";\N;"93";"44_4037";"2012-11-01 06:00:02"
"611";"PODLASIE";"100";"59_2548";"2012-11-05 15:00:10"
"612";"ARI ATOL";"587";"24_5698";"2012-11-05 15:00:11"
"613";"NIEMCY PŁD.";"41";"58_6110";"2012-11-05 15:00:01"
"614";"ORAWA";"10";"61_4228";"2012-11-05 15:00:10"
"615";"WENEZUELA";"0";"42:";"2012-11-05 15:00:11"
"616";"WYSPA MARGARITA";"615";"42_2510";"2012-11-05 15:00:02"
"617";"WIELKOPOLSKA";"100";"59_5736";"2012-11-05 15:00:10"
"618";"LA ROMANA";"352";"10_6778";"2012-11-05 15:00:11"
"619";"WYSPA ILE DES PINS";"584";"40041_40624";"2012-11-05 15:00:11"
"620";"SŁOWENIA ŚRODKOWA";"427";"263_2366";"2012-11-05 15:00:11"
"621";\N;"0";"0:";"2012-11-05 15:00:01"
"622";"WYBRZEŻE KRASNODARSKIE";"188";"67_39446";"2012-11-05 15:00:10"
"623";"ST. BARTHELEMY";"276";"3022_38357";"2012-11-05 15:00:11"
"624";"PÓŁNOCNY IZRAEL";"488";"54_38747";"2012-11-05 15:00:10"
"625";"TRENCZYN";"10";"61_40547";"2012-11-05 15:00:10"
"626";"WYSPY LIPARYJSKIE";"93";"44_38796";"2012-11-05 15:00:11"
"627";"LUBELSKIE";"100";"59_4610";"2012-11-05 15:00:10"
"628";"SZWAJCARIA WSCH.";"323";"62_39784";"2012-11-05 15:00:01"
"629";"ALBANIA";"0";"3269:";"2012-11-05 15:00:10"
"630";"RIWIERA ALBAŃSKA";"629";"3269_4277";"2012-11-05 15:00:01"
"631";"SZAMPANIA";"22";"13_37958";"2012-11-05 15:00:11"
"632";"MARSA ALAM";"88";"11_228";"2012-11-05 15:00:11"
"633";"AUSTRIA";"58";"1_1406";"2012-11-05 15:00:01"
"634";"NIEMCY WSCH.";"41";"58_39830";"2012-11-05 15:00:01"
"635";"SAO PAULO";"348";"47_2519";"2012-11-05 15:00:11"
"636";"LANGWEDOCJA/HÉRAULT-AUDE";"22";"13_38625";"2012-10-26 04:00:02"
"637";"MUSANDAM";"391";"4534_4585";"2012-11-05 15:00:10"
"638";"SZWAJCARIA PŁN.";"323";"62_39765";"2012-11-05 15:00:01"
"639";"VORARLBERG";"58";"1_2718";"2012-11-05 15:00:01"
"640";"ATLAS WYSOKI";"127";"27_39757";"2012-11-05 15:00:10"
"641";"KINGSTON";"375";"18_38419";"2012-11-05 15:00:10"
"642";"SZWAJCARIA CENTRALNA";"323";"62_39766";"2012-11-05 15:00:01"
"643";"PORT ANTONIO";"375";"18_38417";"2012-11-05 15:00:10"
"644";"WŁOCHY";"93";"44_1389";"2012-11-05 15:00:01"
"645";"DISCOVERY BAY";"375";"18_4126";"2012-11-05 15:00:11"
"646";"LŠSKIE";"100";"59_10918";"2012-11-05 15:00:01"
"647";"NYANZA";"242";"19_38486";"2012-11-05 15:00:10"
"648";"KEFALONIA";"90";"14_6745";"2012-11-05 15:00:10"
"649";\N;"58";"1_41086";"2012-10-27 06:00:02"
"650";"WYSPA SILHOUETTE";"366";"2925_4131";"2012-11-05 15:00:11"
"651";"TABA";"88";"11_203";"2012-11-05 15:00:01"
"652";"TAHAA";"510";"2988_4268";"2012-11-05 15:00:10"
"653";"RZYM I LACJUM";"93";"44_6091";"2012-11-05 15:00:01"
"654";"DAHAB";"88";"11_193";"2012-11-05 15:00:02"
"655";\N;"93";"44_1576";"2012-10-27 06:00:02"
"656";"SAMANA";"352";"10_2893";"2012-11-05 15:00:11"
"657";"PORTO SANTO";"3";"31_4473";"2012-11-05 15:00:10"
"658";"LIECHTENSTEIN";"0";"3500:";"2012-11-05 15:00:10"
"659";"OBERLAND";"658";"3500_6609";"2012-11-05 15:00:10"
"660";"CENTRALNA SŁOWACJA";"10";"61_4231";"2012-11-05 15:00:10"
"661";"KARPATY UKRAI?SKIE";"206";"40_38820";"2012-11-05 15:00:01"
"662";"WYBRZE?E LAMU";"242";"19_39205";"2012-11-05 15:00:02"
"663";"SZWAJCARIA PŁD.";"323";"62_39764";"2012-11-05 15:00:01"
"664";"CENTRALNY IZRAEL";"488";"54_38759";"2012-11-05 15:00:01"
"665";"LHAVIYANI ATOL";"587";"24_5706";"2012-11-05 15:00:11"
"666";"SERBIA";"0";"3414:";"2012-11-05 15:00:01"
"667";"REJS";"0";"3693:";"2012-11-05 15:00:11"
"668";"MORZE SRODZIEMNE";"667";"3693_3010";"2012-11-05 15:00:10"
"669";"ANATOLIA WSCHODNIA";"33";"39_38918";"2012-11-05 15:00:10"
"670";"WY?YNA KENIJSKA";"242";"19_39201";"2012-11-05 15:00:10"
"671";"NILANDHE ATOL";"587";"24_38425";"2012-11-05 15:00:11"
"672";"RAA ATOL";"587";"24_5711";"2012-11-05 15:00:10"
"673";"BODRUM";"33";"39_25";"2012-11-05 15:00:10"
"674";"KARAIBY";"667";"3693_2345";"2012-11-05 15:00:10"
"675";"BOŚNIA I HERCEGOWINA";"0";"2:";"2012-11-05 15:00:02"
"676";"NEUM";"675";"2_122";"2012-11-05 15:00:02"
"677";"RIWIERA TURECKA";"33";"39_1332";"2012-11-05 15:00:02"
"678";"SENIOR - COSTA BRAVA";"28";"15_40942";"2012-11-05 15:00:02"
"679";"MACEDONIA";"0";"5764:";"2012-11-05 15:00:02"
"680";"WYSPA MLJET";"7";"5_2422";"2012-11-05 15:00:02"
"681";"INDIE";"0";"243:";"2012-11-05 15:00:02"
"682";"MAROKO";"127";"27_1143";"2012-11-05 15:00:02"
"683";"ATOL ADDU";"587";"24_4545";"2012-11-05 15:00:10"
"684";"BAA ATOL";"587";"24_5707";"2012-11-05 15:00:10"
"685";"EJLAT";"488";"54_3443";"2012-11-05 15:00:02"
"686";"ŚRODKOWA SZWECJA";"406";"2991_38743";"2012-11-05 15:00:10"
"687";"ISCHGL";"58";"1_736";"2012-10-26 06:00:02"
"688";"HAA ALIF";"587";"24_5744";"2012-11-05 15:00:10"
"689";"JORDANIA";"217";"55_214";"2012-10-26 06:00:02"
"690";"MALTA";"18";"26_112";"2012-11-05 15:00:02"
"691";"WYSPY KANARYJSKIE";"667";"3693_2070";"2012-11-05 15:00:02"
"692";"AMERYKA PÓŁNOCNA";"667";"3693_38567";"2012-11-05 15:00:02"
"693";"ALASKA I KANADA";"667";"3693_3474";"2012-11-05 15:00:10"
"694";"RIWIERA MEKSYKANSKA";"667";"3693_2347";"2012-11-05 15:00:02"
"695";"FIORDY NORWESKIE";"667";"3693_3065";"2012-11-05 15:00:02"
"696";"MORZE BAŁTYCKIE";"667";"3693_2444";"2012-11-05 15:00:02"
"697";"GAMBIA";"0";"370:";"2012-11-05 15:00:02"
"698";"BAND?UL";"697";"370_4248";"2012-11-05 15:00:02"
"699";"GRUZJA";"0";"4219:";"2012-11-05 15:00:02"
"700";"AMERYKA POLUDNIOWA";"667";"3693_3048";"2012-11-05 15:00:11"
"701";"EUROPA POŁNOCNA";"667";"3693_3049";"2012-11-05 15:00:10"
"702";"KANAŁ PANAMSKI";"667";"3693_3009";"2012-11-05 15:00:02"
"703";"ARMENIA";"0";"3443:";"2012-11-05 15:00:11"
"704";"GOA";"681";"243_2541";"2012-11-05 15:00:02"
"705";"UZBEKISTAN";"0";"3647:";"2012-11-05 15:00:11"
"706";"WYBRZE?E MALABARSKIE";"681";"243_38905";"2012-11-05 15:00:02"
"707";"MORZE KARAIBSKIE";"667";"3693_40943";"2012-11-05 15:00:11"
"708";"RASDHOO ATOL";"587";"24_5705";"2012-11-05 15:00:02"
"709";"KARAIBY POŁUDNIOWE";"667";"3693_3386";"2012-11-05 15:00:02"
"710";"LUZON";"600";"2603_4531";"2012-11-05 15:00:02"
"711";"KARAIBY WSCHODNIE";"667";"3693_3320";"2012-11-05 15:00:02"
"712";"ACAPULCO";"182";"29_2507";"2012-11-05 15:00:02"
"713";"PUERTO VALLARTA";"182";"29_2508";"2012-11-05 15:00:02"
"714";"PANAMA";"0";"2500:";"2012-11-05 15:00:11"
"715";"PANAMA POŁUDNIOWA";"714";"2500_4151";"2012-11-05 15:00:02"
"716";"PARAIBA";"348";"47_38290";"2012-11-05 15:00:10"
"717";"KOREA POŁUDNIOWA";"0";"415:";"2012-11-05 15:00:02"
"718";"JEJU";"717";"415_40599";"2012-11-05 15:00:02"
"719";"GWATEMALA";"0";"3329:";"2012-11-05 15:00:11"
"720";"ZATOKA KYONGGI";"717";"415_40591";"2012-11-05 15:00:02"
"721";"ZIMBABWE";"0";"5822:";"2012-11-05 15:00:02"
"722";"ZATOKA BAFABANO";"264";"21_39747";"2012-11-05 15:00:11"
"723";"BELIZE";"0";"6098:";"2012-11-05 15:00:02"
"724";"AMBERGRIS CAYE";"723";"6098_6107";"2012-11-05 15:00:02"
"725";"WYSPA COCHE";"615";"42_3369";"2012-11-05 15:00:02"
"726";"WYBRZE?E MORZA JAPO?SKIEGO";"717";"415_40594";"2012-11-05 15:00:02"
"727";"JAPONIA";"0";"248:";"2012-11-05 15:00:02"
"728";"SEUL";"717";"415_3328";"2012-11-05 15:00:02"
"729";"JUKATAN";"182";"29_3295";"2012-11-05 15:00:10"
"730";"ETIOPIA";"0";"412:";"2012-11-05 15:00:11"
"731";"CIE?NINA KOREA?SKA";"717";"415_40600";"2012-11-05 15:00:02"
"732";"KAMBODZA";"0";"51:";"2012-11-05 15:00:02"
"733";"WIETNAM";"98";"3030_3300";"2012-10-27 06:00:02"
"734";"BOTSWANA";"0";"3025:";"2012-11-05 15:00:11"
"735";"IRAN";"0";"3027:";"2012-11-05 15:00:11"
"736";"PANAMA PÓŁNOCNA";"714";"2500_4150";"2012-11-05 15:00:02"
"737";"SENEGAL";"0";"64:";"2012-11-05 15:00:11"
"738";"MAURITIUS";"240";"28_115";"2012-10-26 06:00:02"
"739";"BIRMA";"0";"50:";"2012-11-05 15:00:02"
"740";"MALEDIVEN";"587";"24_111";"2012-10-26 06:00:02"
"741";"DAKAR";"737";"64_4319";"2012-11-05 15:00:02"
"742";"UGANDA";"0";"3029:";"2012-11-05 15:00:11"
"743";"SERRA DO MAR";"348";"47_39806";"2012-11-05 15:00:10"
"744";"FIJI";"0";"4221:";"2012-11-05 15:00:10"
"745";"VITI LEVU";"744";"4221_40735";"2012-11-05 15:00:10"
"746";"MALAWI";"0";"3225:";"2012-11-05 15:00:02"
"747";"EKWADOR";"0";"3295:";"2012-11-05 15:00:11"
"748";"ALGIERIA";"0";"4599:";"2012-11-05 15:00:02"
"749";"CHILE";"0";"2499:";"2012-11-05 15:00:11"
"750";"MOZAMBIK";"0";"3247:";"2012-11-05 15:00:02"
"751";"MADAGASKAR";"0";"2607:";"2012-11-05 15:00:11"
"752";"MAHAJANGA";"751";"2607_37827";"2012-11-05 15:00:11"
"753";"TOAMASINA";"751";"2607_38645";"2012-11-05 15:00:02"
"754";"CENTRALNA PROWINCJA";"148";"36_7977";"2012-11-05 15:00:02"
"755";"EUROPA ZACHODNIA";"667";"3693_4520";"2012-11-05 15:00:02"
"756";"KOLUMBIA";"0";"3020:";"2012-11-05 15:00:11"
"757";"PERU";"0";"244:";"2012-11-05 15:00:11"
"758";"EUROPA ŚRODKOWA";"667";"3693_4595";"2012-11-05 15:00:02"
"759";"BOLIWIA";"0";"4517:";"2012-11-05 15:00:11"
"760";"MAPUTO";"750";"3247_40066";"2012-11-05 15:00:02"
"761";"ARGENTYNA";"0";"2285:";"2012-11-05 15:00:11"
"762";"MOZAMBIK PO?UDNIOWY";"750";"3247_40371";"2012-11-05 15:00:02"
"763";"NEPAL";"0";"3028:";"2012-11-05 15:00:02"
"764";"FRANCJA";"667";"3693_49";"2012-11-05 15:00:02"
"765";"RAIATEA";"510";"2988_4271";"2012-11-05 15:00:02"
"766";"KANADA";"56";"414_1837";"2012-10-26 06:00:02"
"767";"WYSPY COOKA";"0";"3294:";"2012-11-05 15:00:11"
"768";"RAROTONGA";"767";"3294_4153";"2012-11-05 15:00:11"
"769";"GHANA";"0";"5786:";"2012-11-05 15:00:11"
"770";"MAUPITI";"510";"2988_4269";"2012-11-05 15:00:02"
"771";"KAMERUN";"0";"5787:";"2012-11-05 15:00:02"
"772";"VANUA LEVU";"744";"4221_40730";"2012-11-05 15:00:02"
"773";"AUSTRALIA I NOWA ZELANDIA";"667";"3693_3137";"2012-11-05 15:00:10"
"774";"ANTSIRANANA";"751";"2607_38674";"2012-11-05 15:00:02"
"775";"SEYCHELLEN";"0";"33:";"2012-10-26 06:00:02"
"776";"SEYCHELLEN";"775";"33_153";"2012-10-26 06:00:02"
"777";"WYSPA FREGATE";"366";"2925_38455";"2012-11-05 15:00:10"
"778";"RWANDA";"0";"3914:";"2012-11-05 15:00:11"
"779";"MAURETANIA";"0";"5821:";"2012-11-05 15:00:02"
"780";"AITUTAKI";"767";"3294_4147";"2012-11-05 15:00:11"
"781";"KONGO DEMOKRATYCZNE";"0";"5789:";"2012-11-05 15:00:02"
"782";"ANTARKTYDA";"0";"3026:";"2012-11-05 15:00:02"
"783";"WYSPY MARSHALLA";"0";"38657:";"2012-11-05 15:00:02"
"784";"WYSPY LOMAIVITI";"744";"4221_40733";"2012-11-05 15:00:02"
"785";"SPORADY PÓŁNOCNE";"90";"14_38675";"2012-11-05 15:00:09"
"786";"TRANSYLVANIA";"140";"32_38397";"2012-11-05 15:00:08"
"787";"BANAT";"140";"32_6627";"2012-11-05 15:00:08"
"788";"BUKOWINA";"140";"32_4264";"2012-11-05 15:00:08"
"789";"SÜDAFRIKA GAUTENG";"140";"32_38347";"2012-11-05 15:00:08"
"790";"NIZINA WO?OSKA";"140";"32_39816";"2012-11-05 15:00:08"
"791";"MARMARA";"33";"39_38920";"2012-10-31 05:00:01"
"792";"NIZINA NADDUNAJSKA";"24";"3_39070";"2012-11-05 15:00:08"
"793";\N;"0";"41097:";"2012-10-30 06:00:03"
"794";"VALE BREMBANA";"793";"41097_41122";"2012-10-26 06:00:02"
"795";"EPIRUS";"90";"14_3272";"2012-10-27 06:00:02"
"796";"GÓRY ACARAI";"140";"32_41094";"2012-10-27 06:00:02"
"797";"SALZBURGERLAND";"58";"1_952";"2012-10-30 06:00:03"
"798";"RWANDA PÓ?NOCNA";"58";"1_41101";"2012-10-26 06:00:02"
"799";"JEZIORO KIVU";"58";"1_41099";"2012-10-26 06:00:02"
"800";\N;"0";"41095:";"2012-10-27 06:00:02"
"801";"KIGALI";"58";"1_41098";"2012-10-26 06:00:02"
"802";"GÓRY WIRUNGA";"58";"1_41100";"2012-10-26 06:00:02"
"803";"BANAT SI CRISANA";"140";"32_6635";"2012-11-01 05:00:01"
"804";"GÓRY PAKARAIMA";"58";"1_41096";"2012-10-27 06:00:02"
"805";"SKALA POTAMIA";"22";"13_41108";"2012-10-30 06:00:03"
"806";"DYSTRYKT LUKSEMBURG";"415";"5831_38826";"2012-11-05 15:00:10"
"807";\N;"0";"41096:";"2012-10-30 06:00:03"
"808";"BALNEO";"807";"41096_10364";"2012-10-27 06:00:02"
"809";"DOLINA MAZARUNI - POTARO";"58";"1_41097";"2012-10-26 06:00:02"
"810";"SIERRA MAESTRA";"264";"21_39752";"2012-11-05 15:00:11"
"811";"TRANSATLANTYK";"667";"3693_3155";"2012-11-05 15:00:10"
"812";"CAMAGUEY";"264";"21_39749";"2012-11-05 15:00:10"
"813";"LADEK ZDROJ";"58";"1_41109";"2012-10-30 06:00:03"
"814";"AMAZONIA BRAZYLIJSKA";"348";"47_39802";"2012-11-05 15:00:10"
"815";"SANTA CLARA";"427";"263_41112";"2012-10-30 06:00:03"
"816";"PAHIS";"375";"18_41107";"2012-10-27 06:00:02"
"817";"OCEAN INDYJSKI";"667";"3693_4034";"2012-11-05 15:00:11"
"818";"AZJA";"667";"3693_2522";"2012-11-05 15:00:10"
"819";"SERWY K/ AUGUSTOWA";"488";"54_41110";"2012-10-30 06:00:03"
"820";"TSAVO";"242";"19_39202";"2012-11-05 15:00:10"
"821";"RWANDA PO?UDNIOWA";"58";"1_41104";"2012-10-27 06:00:02"
"822";"KANADA I NOWA ANGLIA";"667";"3693_3761";"2012-11-05 15:00:10"
"823";"DOLINA KAGERY";"58";"1_41105";"2012-10-30 06:00:03"
"824";"FIORDY I NORDKAPP";"667";"3693_3676";"2012-11-05 15:00:10"
"825";"ANTARKTYDA";"667";"3693_38412";"2012-11-05 15:00:10"
"826";\N;"377";"2187_41111";"2012-10-30 06:00:03"
"827";"DOLOMITI";"93";"44_3479";"2012-10-26 06:00:03"
"828";"GORSKI KOTAR E LIKA";"7";"5_39356";"2012-11-05 15:00:10"
"829";"SŁOWACKI RAJ";"10";"61_5746";"2012-11-05 15:00:10"
"830";"MASURIA";"100";"59_39382";"2012-11-05 15:00:10"
"831";"WYSPA LASTOVO";"7";"5_4597";"2012-11-05 15:00:10"
"832";"REPUBBLICA CECA";"0";"39164:";"2012-11-05 15:00:10"
"833";"ZLIN E DINTORNI";"832";"39164_39283";"2012-11-05 15:00:10"
"834";"SAVOIA - ALTA SAVOIA";"22";"13_39338";"2012-11-05 15:00:10"
"835";"ALPI DEL SUD";"22";"13_39339";"2012-11-05 15:00:10"
"836";"DELFINATO";"22";"13_39337";"2012-11-05 15:00:10"
"837";"MEXICO CITY";"182";"29_2148";"2012-11-05 15:00:10"
"838";"VETTE DI BOEMIA E MORAVIA";"832";"39164_39281";"2012-11-05 15:00:10"
"839";"SIERRA MADRE DEL SUR";"182";"29_40248";"2012-11-05 15:00:10"
"840";"PAESI BASSI";"0";"39172:";"2012-11-05 15:00:10"
"841";"ATLAS ?RODKOWY";"127";"27_39756";"2012-10-31 06:00:03"
"842";"REGIONE DEL LAGO DI ZURIGO";"323";"62_39274";"2012-11-05 15:00:10"
"843";"TAJLANDIA PÓLNOCNA";"35";"49_38788";"2012-10-31 06:00:03"
"844";"SAHARA MAROKA?SKA";"127";"27_39760";"2012-10-31 06:00:03"
"845";"ZATOKA TANGERSKA";"127";"27_39753";"2012-10-31 06:00:03"
"846";"LAGO DI COMO-LOMBARDIA";"93";"44_39368";"2012-11-05 15:00:10"
"847";"VALLESE";"323";"62_39265";"2012-11-05 15:00:10"
"848";"ALPI VODESI";"323";"62_39266";"2012-11-05 15:00:10"
"849";"PATAGONIA";"761";"2285_6128";"2012-11-05 15:00:10"
"850";"WYSPA DUGI";"7";"5_2301";"2012-11-05 15:00:10"
"851";"QUARNERO/ISOLE";"7";"5_39352";"2012-11-05 15:00:10"
"852";"SLESIA";"100";"59_39385";"2012-11-05 15:00:10"
"853";"BUENOS AIRES";"761";"2285_2544";"2012-11-05 15:00:10"
"854";\N;"276";"3022_42333";"2012-11-05 15:00:10"
"855";"HAEME PIRKANMAA";"377";"2187_40285";"2012-11-05 15:00:10"
"856";"RABAT";"127";"27_87";"2012-10-31 06:00:03"
"857";"FORTALEZA";"348";"47_1373";"2012-11-05 15:00:10"
"858";"MATO GROSSO";"348";"47_39808";"2012-11-05 15:00:10"
"859";"WYSPY LOJALNO?CI";"584";"40041_40623";"2012-11-05 15:00:11"
"860";\N;"0";"42326:";"2012-11-05 15:00:11"
"861";\N;"860";"42326_42329";"2012-11-05 15:00:11"
"862";"WYSPA WIELKANOCNA";"749";"2499_40085";"2012-11-05 15:00:11"
"863";"DOLINA PARANY";"761";"2285_38866";"2012-11-05 15:00:11"
"864";"ANDY CHILIJSKIE";"749";"2499_40089";"2012-11-05 15:00:11"
"865";"HANOI";"98";"3030_4461";"2012-10-31 06:00:03"
"866";"HONSIU";"727";"248_38891";"2012-10-31 06:00:03"
"867";"LAPPI";"377";"2187_40286";"2012-11-05 15:00:11"
"868";"RÓWNINA KAMBOD?A?SKA";"732";"51_39505";"2012-10-31 06:00:03"
"869";"BERMUDY";"0";"3012:";"2012-11-05 15:00:11"
"870";"MAIN ISLAND";"869";"3012_4259";"2012-11-05 15:00:11"
"871";"KESKI-SUOMI";"377";"2187_40283";"2012-11-05 15:00:11"
"872";"SAIDIA";"127";"27_4589";"2012-10-31 06:00:03"
"873";"MARANHAO";"348";"47_39715";"2012-11-05 15:00:11"
"874";"ARDECHE/DR.ME";"22";"13_38626";"2012-11-05 15:00:11"
"875";"KYMENLAAKSO ETELAE-KARJALA";"377";"2187_40288";"2012-11-05 15:00:11"
"876";"WYŻYNA MEKSYKAŃSKA";"182";"29_40252";"2012-11-05 15:00:11"
"877";"BAJA CALIFORNIA";"182";"29_39585";"2012-11-05 15:00:11"
"878";"ETELAE-SAVO";"377";"2187_40282";"2012-11-05 15:00:11"
"879";"POHJOIS-POHJANMAA KAINUU";"377";"2187_40284";"2012-11-05 15:00:11"
"880";"SARDEGNA";"93";"44_39377";"2012-11-05 15:00:11"
"881";"SYDOSTJYLLAND";"352";"10_39305";"2012-11-05 15:00:11"
"882";"TOKIO";"727";"248_1388";"2012-10-31 06:00:03"
"883";"P?ASKOWY? MATABELE";"721";"5822_40451";"2012-10-31 06:00:03"
"884";"BELGISCH LIMBURG";"202";"285_5873";"2012-11-05 15:00:11"
"885";"VARSINAIS-SUOMI SATAKUNTA";"377";"2187_40289";"2012-11-05 15:00:11"
"886";"CENTRAL WEST FLORIDA";"16";"3629_39401";"2012-11-05 15:00:11"
"887";"ZAMBIA";"0";"418:";"2012-10-31 06:00:03"
"888";"ZAMBIA CENTRALNA";"887";"418_40402";"2012-10-31 06:00:03"
"889";"MAR BALTICO";"100";"59_39292";"2012-11-05 15:00:11"
"890";"SERENGETI";"500";"2989_40384";"2012-10-31 06:00:03"
"891";"ARCHIPELAG LOS ROQUES";"615";"42_40374";"2012-11-05 15:00:11"
"892";\N;"276";"3022_42332";"2012-11-05 15:00:11"
"893";"GRAN BRETAGNA";"0";"39168:";"2012-11-05 15:00:11"
"894";"SCOZIA";"893";"39168_39347";"2012-11-05 15:00:11"
"895";"WIELKI RÓW";"242";"19_39198";"2012-10-31 06:00:03"
"896";\N;"0";"40962:";"2012-10-27 06:00:03"
"897";\N;"896";"40962_42477";"2012-10-27 06:00:03"
"898";"TURKS & CAICOS";"276";"3022_40372";"2012-11-05 15:00:11"
"899";"SPAGNA";"0";"39166:";"2012-11-05 15:00:11"
"900";"MENORCA";"899";"39166_3534";"2012-11-05 15:00:11"
"901";"FERNANDO DE NORONHA";"348";"47_40357";"2012-11-05 15:00:11"
"902";"SAINT-LAURENT-DU-MARONI";"188";"67_41088";"2012-10-29 22:00:02"
"903";\N;"0";"42353:";"2012-11-05 15:00:11"
"904";\N;"903";"42353_42391";"2012-11-05 15:00:11"
"905";"SURSELVA";"323";"62_5867";"2012-11-05 15:00:10"
"906";"SOFIA";"24";"3_837";"2012-11-05 15:00:11"
"907";"MORZE CZERWONE";"667";"3693_2631";"2012-11-05 15:00:11"
"908";"WY?YNA MOZAMBICKA";"750";"3247_39157";"2012-10-31 06:00:03"
"909";"LAGO LEMANO";"323";"62_39268";"2012-11-05 15:00:11"
"910";\N;"264";"21_42213";"2012-11-05 15:00:11"
"911";"TANZANIA CENTRALNA";"500";"2989_40386";"2012-10-31 06:00:03"
"912";\N;"0";"42327:";"2012-10-29 06:00:03"
"913";\N;"912";"42327_42065";"2012-10-29 06:00:03"
"914";\N;"0";"42124:";"2012-11-05 15:00:11"
"915";\N;"914";"42124_42124";"2012-11-05 15:00:11"
"916";"TIROLO";"58";"1_39259";"2012-11-05 15:00:11"
"917";"NIZINA NADKASPIJSKA";"188";"67_39124";"2012-11-05 15:00:11"
"918";"ZATOKA ANDAMA?SKA";"739";"50_38926";"2012-10-31 06:00:03"
"919";"HÉRAULT-AUDE";"22";"13_39330";"2012-11-05 15:00:11"
"920";\N;"0";"41082:";"2012-10-31 22:00:03"
"921";"GÓRY TUMAC-HUMAC";"920";"41082_41090";"2012-10-29 10:07:00"
"922";\N;"0";"42316:";"2012-11-05 15:00:11"
"923";"RWANDA ZACHODNIA";"922";"42316_41103";"2012-11-05 15:00:11"
"924";"CABO DELGADO";"750";"3247_40368";"2012-10-31 06:00:03"
"925";\N;"914";"42124_42123";"2012-11-05 15:00:11"
"926";"CHOBE";"734";"3025_39488";"2012-10-31 06:00:03"
"927";"CAYENNE";"188";"67_41089";"2012-10-29 22:00:02"
"928";"LIMFJORDSLANDET";"352";"10_5917";"2012-11-05 15:00:10"
"929";\N;"0";"38444:";"2012-10-27 06:00:03"
"930";"WYSPA PEMBA";"500";"2989_40375";"2012-10-31 06:00:03"
"931";"DELTA OKAWANGO";"734";"3025_39487";"2012-10-31 06:00:03"
"932";"COSTA AZZURRA";"22";"13_39334";"2012-11-05 15:00:11"
"933";"LAOS";"0";"52:";"2012-10-27 06:00:03"
"934";"LIBAN";"0";"3911:";"2012-11-05 15:00:11"
"935";"SAINT VINCENT I GRENADYNY";"276";"3022_40944";"2012-11-05 15:00:11"
"936";"OCEAN SPOKOJNY";"667";"3693_2555";"2012-11-05 15:00:11"
"937";"MALI";"0";"3444:";"2012-11-05 15:00:11"
"938";"EGIPT";"667";"3693_975";"2012-10-29 06:00:03"
"939";\N;"0";"42163:";"2012-11-05 15:00:11"
"940";"SUNNY BEACH";"24";"3_10434";"2012-10-28 06:00:02"
"941";"INNE";"0";"4341:";"2012-10-28 06:00:02"
"942";"UCRAINA";"0";"10718:";"2012-10-27 06:00:02"
"943";"TRANSILVANIA SI MARAMURES";"140";"32_6634";"2012-10-30 06:00:03"
"944";"WLOCHY-VAL DI FASSA";"0";"40950:";"2012-11-03 06:00:02"
"945";"JARVAMAA";"70";"65_38911";"2012-11-05 15:00:10"
"946";"ODESSA";"206";"40_6542";"2012-11-05 15:00:10"
"947";"KUNDU";"255";"264_2411";"2012-10-30 06:00:03"
"948";"SAWANNA RUPUNUNI";"140";"32_41095";"2012-10-30 06:00:03"
"949";\N;"427";"263_41113";"2012-10-29 06:00:03"
"950";"AMERYKA POLNOCNA";"58";"1_41106";"2012-10-30 06:00:03"
"951";"PUERTO DEL CARMEN";"0";"7563:";"2012-10-30 06:00:03"
"952";"PUERTO DEL CARMEN";"951";"7563_927";"2012-10-30 06:00:03"
"953";"PUERTO DE LA CRUZ";"0";"9679:";"2012-10-30 06:00:03"
"954";"PUERTO DE LA CRUZ";"953";"9679_2286";"2012-10-30 06:00:03"
"955";"SLOVACCHIA";"0";"39174:";"2012-11-05 15:00:10"
"956";"ZILINA E DINTORNI";"955";"39174_39394";"2012-11-05 15:00:10"
"957";"PROVENZA";"22";"13_39333";"2012-11-05 15:00:11"
"958";"FRIBORGO";"323";"62_39267";"2012-11-05 15:00:11"
"959";"ZLIN REGION/JAVORNIKY MNTS.";"1";"9_5887";"2012-10-30 04:00:01"
"960";"KVARNER - WYSPY";"7";"5_5989";"2012-10-30 04:00:01"
"961";"FRYBURG";"323";"62_5862";"2012-10-30 04:00:01"
"962";\N;"264";"21_41115";"2012-10-30 06:00:03"
"963";"SEYCHELLES";"0";"39819:";"2012-11-05 15:00:10"
"964";"PLAYA DORADA (PUERTO PLATA)";"963";"39819_41114";"2012-10-30 06:00:03"
"965";"WYSPA BIRD";"366";"2925_39195";"2012-11-05 15:00:10"
"966";\N;"939";"42163_42212";"2012-11-05 15:00:11"
"967";\N;"963";"39819_42258";"2012-11-03 07:00:02"
"968";"SELVA DI CADORE";"93";"44_38959";"2012-11-01 06:00:02"
"969";"SIBIU";"255";"264_10611";"2012-11-03 06:00:03"
"970";\N;"255";"264_41145";"2012-11-01 05:00:01"
"971";"SINAIA";"255";"264_7649";"2012-11-05 15:00:08"
"972";\N;"255";"264_41144";"2012-11-01 05:00:01"
"973";\N;"255";"264_41146";"2012-11-01 05:00:01"
"974";\N;"255";"264_41137";"2012-11-01 05:00:01"
"975";\N;"255";"264_41141";"2012-11-01 05:00:01"
"976";\N;"255";"264_41139";"2012-11-01 05:00:01"
"977";"PREDEAL";"255";"264_7650";"2012-11-01 05:00:01"
"978";"POIANA BRASOV";"255";"264_4336";"2012-11-03 06:00:03"
"979";"INDONESIEN";"0";"17:";"2012-10-30 11:00:09"
"980";"BRASOV";"255";"264_10602";"2012-11-01 05:00:01"
"981";\N;"255";"264_41150";"2012-11-02 05:00:02"
"982";\N;"255";"264_41152";"2012-11-04 05:00:02"
"983";\N;"0";"41114:";"2012-11-01 05:00:01"
"984";\N;"255";"264_41136";"2012-11-01 05:00:01"
"985";\N;"88";"11_41157";"2012-11-01 05:00:01"
"986";"RISHIKESH";"22";"13_41126";"2012-11-01 05:00:01"
"987";"GHT GLOBAL HOTEL TRADE LTD.";"0";"41115:";"2012-11-01 05:00:01"
"988";\N;"255";"264_41149";"2012-11-01 05:00:01"
"989";\N;"58";"1_41129";"2012-11-01 05:00:01"
"990";\N;"255";"264_41138";"2012-11-01 05:00:01"
"991";\N;"427";"263_41132";"2012-11-01 05:00:01"
"992";\N;"375";"18_41127";"2012-11-01 05:00:01"
"993";\N;"963";"39819_41128";"2012-11-01 05:00:01"
"994";\N;"255";"264_41155";"2012-11-05 05:00:02"
"995";\N;"255";"264_41153";"2012-11-02 05:00:02"
"996";\N;"255";"264_41154";"2012-11-05 05:00:02"
"997";\N;"488";"54_41130";"2012-11-01 05:00:01"
"998";\N;"58";"1_41123";"2012-11-01 05:00:01"
"999";"ORADEA";"255";"264_10650";"2012-11-03 06:00:03"
"1000";"MONTENERO (LI)";"58";"1_41124";"2012-11-01 05:00:01"
"1001";\N;"377";"2187_41131";"2012-11-01 05:00:01"
"1002";"INNE";"100";"59_3410";"2012-11-03 06:00:02"
"1003";\N;"0";"42505:";"2012-11-05 15:00:10"
"1004";\N;"1003";"42505_42497";"2012-11-05 15:00:10"
"1005";"LOUISIANA";"16";"3629_39570";"2012-11-05 15:00:10"
"1006";"HAWAII";"16";"3629_40115";"2012-11-05 15:00:10"
"1007";"COLORADO";"16";"3629_39942";"2012-11-05 15:00:10"
"1008";"NEW MEXICO";"16";"3629_39944";"2012-11-05 15:00:10"
"1009";\N;"16";"3629_42504";"2012-11-05 15:00:10"
"1010";\N;"0";"42513:";"2012-11-05 15:00:10"
"1011";\N;"1010";"42513_42514";"2012-11-05 15:00:10"
"1012";\N;"1010";"42513_42511";"2012-11-05 15:00:10"
"1013";\N;"1010";"42513_42510";"2012-11-05 15:00:10"
"1014";\N;"1010";"42513_42509";"2012-11-05 15:00:10"
"1015";"NORTH DAKOTA";"16";"3629_40150";"2012-11-05 15:00:10"
"1016";\N;"16";"3629_42507";"2012-11-05 15:00:10"
"1017";\N;"1010";"42513_42503";"2012-11-05 15:00:10"
"1018";\N;"1010";"42513_42518";"2012-11-05 15:00:10"
"1019";"TULUM";"939";"42163_7354";"2012-11-03 07:00:02"
"1020";\N;"0";"42509:";"2012-11-05 15:00:11"
"1021";\N;"1020";"42509_42500";"2012-11-05 15:00:11"
"1022";\N;"939";"42163_42544";"2012-11-01 06:00:02"
"1023";\N;"0";"42515:";"2012-11-03 07:00:02"
"1024";\N;"1023";"42515_42543";"2012-11-03 07:00:02"
"1025";\N;"939";"42163_42546";"2012-11-01 06:00:02"
"1026";"GUATEMALA";"0";"39546:";"2012-11-01 06:00:02"
"1027";\N;"1026";"39546_42545";"2012-11-01 06:00:02"
"1028";\N;"0";"42512:";"2012-11-05 15:00:11"
"1029";\N;"1028";"42512_42026";"2012-11-05 15:00:11"
"1030";"PANAMA";"714";"2500_2505";"2012-11-01 06:00:03"
"1031";\N;"0";"42510:";"2012-11-05 15:00:11"
"1032";\N;"1031";"42510_42501";"2012-11-05 15:00:11"
"1033";\N;"0";"42511:";"2012-11-05 15:00:11"
"1034";\N;"1033";"42511_42502";"2012-11-05 15:00:11"
"1035";"PENNSYLVANIA";"16";"3629_39207";"2012-11-05 15:00:11"
"1036";"SOUTH CAROLINA";"16";"3629_39629";"2012-11-05 15:00:11"
"1037";\N;"0";"42514:";"2012-11-05 15:00:11"
"1038";\N;"1037";"42514_42515";"2012-11-05 15:00:11"
"1039";"IDAHO";"16";"3629_40112";"2012-11-05 15:00:11"
"1040";"NORTH CAROLINA";"16";"3629_39649";"2012-11-05 15:00:11"
"1041";\N;"16";"3629_42421";"2012-11-05 15:00:11"
"1042";"OKLAHOMA";"16";"3629_39945";"2012-11-05 15:00:11"
"1043";"VIRGINIA";"16";"3629_39970";"2012-11-05 15:00:11"
"1044";"WASHINGTON";"16";"3629_8302";"2012-11-05 15:00:11"
"1045";\N;"0";"42506:";"2012-11-05 15:00:11"
"1046";"OAHU";"1045";"42506_40114";"2012-11-05 15:00:11"
"1047";"NEW YORK";"16";"3629_9824";"2012-11-05 15:00:11"
"1048";"ALABAMA";"16";"3629_39946";"2012-11-05 15:00:11"
"1049";"SOUTH DAKOTA";"16";"3629_40133";"2012-11-05 15:00:11"
"1050";"OHIO";"16";"3629_39943";"2012-11-05 15:00:11"
"1051";\N;"1037";"42514_42506";"2012-11-01 06:00:03"
"1052";"PITZ";"58";"1_41121";"2012-11-03 06:00:02"
"1053";\N;"0";"41120:";"2012-11-03 22:00:03"
"1054";\N;"255";"264_41156";"2012-11-05 15:00:10"
"1055";"ST. PETERSBURG";"188";"67_8430";"2012-11-04 03:00:04"
"1056";\N;"255";"264_41163";"2012-11-02 05:00:02"
"1057";\N;"255";"264_41165";"2012-11-05 05:00:02"
"1058";\N;"255";"264_41158";"2012-11-03 06:00:03"
"1059";"BOTSWANA - ZAMBIA - MOZAMBIK";"0";"41130:";"2012-11-03 06:00:03"
"1060";"ARAD";"255";"264_40109";"2012-11-03 06:00:03"
"1061";"SUCEAVA";"255";"264_10620";"2012-11-03 06:00:03"
"1062";\N;"255";"264_41159";"2012-11-02 05:00:02"
"1063";"SLANIC-MOLDOVA";"140";"32_6639";"2012-11-05 15:00:10"
"1064";"CHINY (+ REJS PO RZECE JANGCY)";"0";"41131:";"2012-11-04 05:00:02"
"1065";\N;"255";"264_41162";"2012-11-04 05:00:02"
"1066";\N;"427";"263_41148";"2012-11-04 05:00:02"
"1067";\N;"375";"18_41142";"2012-11-02 05:00:02"
"1068";\N;"963";"39819_41143";"2012-11-02 05:00:02"
"1069";\N;"255";"264_41167";"2012-11-05 15:00:10"
"1070";\N;"255";"264_41166";"2012-11-04 05:00:02"
"1071";"FAR EAST";"255";"264_10673";"2012-11-05 15:00:10"
"1072";\N;"58";"1_41140";"2012-11-03 06:00:03"
"1073";\N;"377";"2187_41147";"2012-11-04 05:00:02"
"1074";"WYSPA MURTER";"7";"5_1539";"2012-11-05 15:00:11"
"1075";\N;"0";"42572:";"2012-11-05 15:00:11"
"1076";\N;"255";"264_41151";"2012-11-04 05:00:02"
"1077";\N;"255";"264_41171";"2012-11-05 15:00:10"
"1078";\N;"255";"264_41160";"2012-11-03 06:00:03"
"1079";"BRAN";"255";"264_6636";"2012-11-05 15:00:10"
"1080";\N;"255";"264_41161";"2012-11-03 06:00:03"
"1081";"DOMINIKANA - KUBA";"0";"41132:";"2012-11-04 05:00:02"
"1082";\N;"255";"264_41164";"2012-11-03 06:00:03"
"1083";\N;"255";"264_41172";"2012-11-03 06:00:03"
"1084";"PORTUGALIA";"3";"31_138";"2012-11-05 15:00:10"
"1085";\N;"255";"264_41170";"2012-11-05 15:00:10"
"1086";\N;"255";"264_41168";"2012-11-05 05:00:02"
"1087";\N;"255";"264_41169";"2012-11-05 05:00:02"
"1088";\N;"255";"264_41174";"2012-11-03 06:00:03"
"1089";"SOLENZARA";"0";"7201:";"2012-11-03 06:00:02"
"1090";"SOLENZARA";"1089";"7201_7151";"2012-11-03 06:00:02"
"1091";"GRUZJA - AZERBEJDŻAN - ARMENIA";"0";"41136:";"2012-11-03 06:00:02"
"1092";"INDIE - LADAKH - KASZMIR";"0";"41140:";"2012-11-03 06:00:02"
"1093";"SZW/FIN/NOR/DAN";"0";"41150:";"2012-11-03 06:00:02"
"1094";"MAGLIANO IN TOSCANA (GR.)";"0";"10829:";"2012-11-03 06:00:02"
"1095";"MAGLIANO IN TOSCANA (GR.)";"1094";"10829_10524";"2012-11-03 06:00:02"
"1096";\N;"1081";"41132_41133";"2012-11-03 06:00:02"
"1097";"ETIOPIA ( PÓŁNOC I POŁUDNIE )";"0";"41134:";"2012-11-05 15:00:10"
"1098";\N;"1097";"41134_41135";"2012-11-03 06:00:02"
"1099";"SAN DONATO IN FRONZANO";"0";"7771:";"2012-11-03 06:00:02"
"1100";"SAN DONATO IN FRONZANO";"1099";"7771_7667";"2012-11-03 06:00:02"
"1101";"SURINAM-GUJANA-GUJANA FRANCUSKA";"0";"41152:";"2012-11-03 06:00:02"
"1102";"COGOLETO";"0";"7822:";"2012-11-03 06:00:02"
"1103";"COGOLETO";"1102";"7822_7716";"2012-11-03 06:00:02"
"1104";"KOLUMBIA(+ WYSPA SAN ANDRES)";"0";"41142:";"2012-11-03 06:00:02"
"1105";"ROSJA (MOSKWA - PETERSBURG) DLA KONESERÓW";"0";"41149:";"2012-11-03 06:00:02"
"1106";"DRAMALJ";"1105";"41149_1554";"2012-11-03 06:00:02"
"1107";"IMPRUNETA";"0";"8325:";"2012-11-03 06:00:02"
"1108";"IMPRUNETA";"1107";"8325_8189";"2012-11-03 06:00:02"
"1109";"TAJWAN-HONGKONG-MACAU + WYSPA HAINAN";"0";"41138:";"2012-11-03 06:00:02"
"1110";"TURCJA (+WYPOCZYNEK)";"0";"41156:";"2012-11-03 06:00:02"
"1111";"MALI-BURKINA FASO-BENIN";"0";"41144:";"2012-11-03 06:00:02"
"1112";"AUSTRIA-SŁOWENIA-CHO";"0";"41128:";"2012-11-05 15:00:01"
"1113";"LUCCA";"0";"8320:";"2012-11-04 06:00:02"
"1114";"LUCCA";"1113";"8320_8184";"2012-11-04 06:00:02"
"1115";"DESENZANO";"0";"8789:";"2012-11-03 06:00:02"
"1116";"DESENZANO";"1115";"8789_1677";"2012-11-03 06:00:02"
"1117";\N;"0";"41122:";"2012-11-03 06:00:02"
"1118";"EVIA";"90";"14_2302";"2012-11-05 15:00:01"
"1119";"CASTIGLIONCELLO";"0";"9184:";"2012-11-03 06:00:02"
"1120";"CASTIGLIONCELLO";"1119";"9184_8966";"2012-11-03 06:00:02"
"1121";"BADALONA";"0";"7451:";"2012-11-03 06:00:02"
"1122";"BADALONA";"1121";"7451_7375";"2012-11-03 06:00:02"
"1123";"TAJWAN - HONGKONG - MACAU";"0";"41154:";"2012-11-03 06:00:02"
"1124";\N;"0";"41124:";"2012-11-05 15:00:11"
"1125";"BLACK SEA";"1124";"41124_41125";"2012-11-05 15:00:11"
"1126";\N;"0";"41126:";"2012-11-05 15:00:01"
"1127";"PORTO VECCHIO CEDEX";"0";"38688:";"2012-11-04 06:00:02"
"1128";"PORTO VECCHIO CEDEX";"1127";"38688_38689";"2012-11-04 06:00:02"
"1129";"PORTO";"0";"7687:";"2012-11-04 06:00:02"
"1130";"PORTO";"1129";"7687_3544";"2012-11-04 06:00:02"
"1131";"CALVI";"0";"7684:";"2012-11-03 06:00:02"
"1132";"CALVI";"1131";"7684_7583";"2012-11-03 06:00:02"
"1133";"BONIFACIO";"0";"7191:";"2012-11-03 06:00:02"
"1134";"BONIFACIO";"1133";"7191_7141";"2012-11-03 06:00:02"
"1135";\N;"0";"42276:";"2012-11-05 15:00:11"
"1136";\N;"1135";"42276_42284";"2012-11-05 15:00:11"
"1137";"ETIOPIA - JEMEN";"0";"41133:";"2012-11-04 06:00:02"
"1138";\N;"1137";"41133_41134";"2012-11-04 06:00:02"
"1139";"HAWAJE - WYSPY MARSHALLA - WYSPY MIKRONEZJI - PALA";"0";"41139:";"2012-11-04 06:00:02"
"1140";"WIELKA BRYTANIA - SZKOCJA DLA KONESERÓW";"0";"41127:";"2012-11-05 06:00:02"
"1141";"DURRES";"629";"3269_39051";"2012-11-05 15:00:10"
"1142";"ERMONES";"255";"264_2010";"2012-11-05 15:00:10"
"1143";\N;"0";"41187:";"2012-11-05 15:00:10"
"1144";\N;"1143";"41187_41188";"2012-11-05 15:00:10"
"1145";\N;"0";"41191:";"2012-11-05 15:00:10"
"1146";\N;"1145";"41191_41192";"2012-11-05 15:00:10"
"1147";\N;"0";"41182:";"2012-11-04 05:00:02"
"1148";\N;"1147";"41182_41183";"2012-11-04 05:00:02"
"1149";\N;"0";"41185:";"2012-11-05 15:00:10"
"1150";\N;"1149";"41185_41186";"2012-11-05 15:00:10"
"1151";\N;"0";"41189:";"2012-11-05 15:00:10"
"1152";\N;"1151";"41189_41190";"2012-11-05 15:00:10"
"1153";\N;"0";"41184:";"2012-11-04 05:00:02"
"1154";"PLAYA JIBACOA";"1153";"41184_38312";"2012-11-04 05:00:02"
"1155";\N;"0";"41193:";"2012-11-05 15:00:10"
"1156";\N;"1155";"41193_41194";"2012-11-04 05:00:02"
"1157";\N;"0";"41178:";"2012-11-04 05:00:02"
"1158";\N;"1157";"41178_41179";"2012-11-04 05:00:02"
"1159";\N;"0";"41172:";"2012-11-04 05:00:02"
"1160";\N;"1159";"41172_41173";"2012-11-04 05:00:02"
"1161";"PLAYA PARAISO";"0";"772:";"2012-11-05 15:00:10"
"1162";"PLAYA PARAISO";"1161";"772_713";"2012-11-05 15:00:10"
"1163";\N;"0";"41170:";"2012-11-04 05:00:02"
"1164";\N;"0";"41180:";"2012-11-04 05:00:02"
"1165";\N;"1164";"41180_41181";"2012-11-04 05:00:02"
"1166";\N;"0";"41176:";"2012-11-04 05:00:02"
"1167";\N;"1166";"41176_41177";"2012-11-04 05:00:02"
"1168";\N;"0";"41205:";"2012-11-04 05:00:02"
"1169";\N;"1168";"41205_41206";"2012-11-04 05:00:02"
"1170";\N;"0";"41203:";"2012-11-04 05:00:02"
"1171";\N;"1170";"41203_41204";"2012-11-04 05:00:02"
"1172";"CARIBBEAN";"255";"264_10670";"2012-11-05 15:00:10"
"1173";\N;"0";"41174:";"2012-11-04 05:00:02"
"1174";\N;"1173";"41174_41175";"2012-11-04 05:00:02"
"1175";"SOUTH AMERICA";"255";"264_10671";"2012-11-05 15:00:10"
"1176";"ETIOPIA - SZLAK HISTORYCZNY";"0";"41135:";"2012-11-05 15:00:10"
"1177";\N;"0";"41194:";"2012-11-05 15:00:10"
"1178";\N;"1177";"41194_41195";"2012-11-05 15:00:10"
"1179";\N;"0";"41198:";"2012-11-05 15:00:10"
"1180";\N;"1179";"41198_41199";"2012-11-05 15:00:10"
"1181";\N;"0";"41192:";"2012-11-05 05:00:02"
"1182";\N;"1181";"41192_41193";"2012-11-05 05:00:02"
"1183";\N;"0";"41196:";"2012-11-05 15:00:10"
"1184";\N;"1183";"41196_41197";"2012-11-05 15:00:10"
"1185";\N;"0";"41200:";"2012-11-05 15:00:10"
"1186";\N;"1185";"41200_41201";"2012-11-05 15:00:10"
"1187";\N;"0";"41175:";"2012-11-05 15:00:10"
"1188";\N;"1187";"41175_41176";"2012-11-05 15:00:10"
"1189";\N;"0";"41181:";"2012-11-05 15:00:10"
"1190";\N;"1189";"41181_41182";"2012-11-05 15:00:10"
"1191";\N;"0";"41173:";"2012-11-05 05:00:02"
"1192";\N;"0";"41179:";"2012-11-05 15:00:10"
"1193";\N;"1192";"41179_41180";"2012-11-05 15:00:10"
"1194";\N;"0";"41212:";"2012-11-05 15:00:10"
"1195";\N;"1194";"41212_41213";"2012-11-05 15:00:10"
"1196";"NORTH MALE ATOLL";"0";"8917:";"2012-11-05 15:00:10"
"1197";"NORTH MALE ATOLL";"1196";"8917_8722";"2012-11-05 15:00:10"
"1198";"MEEMU ATOLL";"0";"8938:";"2012-11-05 15:00:10"
"1199";"MEEMU ATOLL";"1198";"8938_8741";"2012-11-05 15:00:10"
"1200";\N;"0";"41210:";"2012-11-05 05:00:02"
"1201";\N;"1200";"41210_41211";"2012-11-05 05:00:02"
"1202";\N;"0";"41177:";"2012-11-05 15:00:10"
"1203";\N;"1202";"41177_41178";"2012-11-05 15:00:10"
"1204";\N;"0";"41183:";"2012-11-05 15:00:10"
"1205";\N;"1204";"41183_41184";"2012-11-05 15:00:10"
"1206";"MONTENERO (LI)";"0";"41123:";"2012-11-05 15:00:01"
"1207";\N;"0";"41125:";"2012-11-05 15:00:11"
"1208";"SVIZZERA CENTRALE";"323";"62_39271";"2012-11-05 15:00:11"
"1209";"PAESI BASCHI";"22";"13_39312";"2012-11-05 15:00:11"
"1210";"KRAJ BASKÓW";"22";"13_38622";"2012-11-05 15:00:01"
"1211";"SATU MARE";"140";"32_40164";"2012-11-05 15:00:10"
"1212";"BUZAU";"140";"32_40998";"2012-11-05 15:00:10"
"1213";\N;"0";"41202:";"2012-11-05 15:00:10"
"1214";\N;"1213";"41202_41203";"2012-11-05 15:00:10"
"1215";\N;"0";"41214:";"2012-11-05 15:00:10"
"1216";\N;"1215";"41214_41215";"2012-11-05 15:00:10"
"1217";"KERALA";"681";"243_38300";"2012-11-05 15:00:02"
"1218";"KO CHANG";"35";"49_38336";"2012-11-05 15:00:02"
"1219";"YALIKAVAK-GUNDOGAN-GOLTURKBUKU";"33";"39_38890";"2012-11-05 15:00:02"
"1220";"KORFU";"0";"5683:";"2012-11-05 15:00:02"
"1221";"AGIOS LOANNIS PARELION";"1220";"5683_40425";"2012-11-05 15:00:02"
"1222";"TSAKI BENITSES";"1220";"5683_40410";"2012-11-05 15:00:02"
"1223";"LANZAROTE";"0";"6204:";"2012-11-05 15:00:02"
"1224";"COSTA TEGUISE";"1223";"6204_7479";"2012-11-05 15:00:02"
"1225";"FINLANDIA";"377";"2187_3395";"2012-11-05 15:00:01"
"1226";"MEKSYK-WYPOCZYNEK W ACAPULCO";"0";"41145:";"2012-11-05 15:00:02"
"1227";"RPA (+ WYCIECZKA DO SUAZI)";"0";"40523:";"2012-11-05 15:00:02"
"1228";"KAZACHSTAN";"0";"3248:";"2012-11-05 15:00:02"
"1229";"JEMEN";"0";"5788:";"2012-11-05 15:00:02"
"1230";"TAJWAN";"0";"38527:";"2012-11-05 15:00:02"
"1231";"BHUTAN";"0";"3488:";"2012-11-05 15:00:02"
"1232";"KOREAŃSKA REPUBLIKA LUDOWA";"0";"5796:";"2012-11-05 15:00:02"
"1233";"SURINAM";"0";"38531:";"2012-11-05 15:00:02"
